family_id,kid_index,p1_dosage,p2_dosage,kid_dosage,y
0,0,1.0,2.0,2,1
0,1,1.0,2.0,1,1
0,2,1.0,2.0,2,0
1,0,1.0,1.0,2,1
1,1,1.0,1.0,1,1
1,2,1.0,1.0,1,0
2,0,1.0,1.0,1,1
2,1,1.0,1.0,2,0
2,2,1.0,1.0,0,0
3,0,1.0,0.0,1,1
3,1,1.0,0.0,1,1
3,2,1.0,0.0,0,0
4,0,1.0,1.0,1,1
4,1,1.0,1.0,2,1
4,2,1.0,1.0,0,0
5,0,1.0,1.0,1,1
5,1,1.0,1.0,0,0
5,2,1.0,1.0,0,1
6,0,1.0,2.0,2,1
6,1,1.0,2.0,2,1
6,2,1.0,2.0,1,1
7,0,2.0,1.0,2,0
7,1,2.0,1.0,2,1
7,2,2.0,1.0,1,1
8,0,0.0,0.0,0,1
8,1,0.0,0.0,0,0
8,2,0.0,0.0,0,1
9,0,1.0,1.0,1,0
9,1,1.0,1.0,1,0
9,2,1.0,1.0,2,1
10,0,0.0,0.0,0,0
10,1,0.0,0.0,0,0
10,2,0.0,0.0,0,0
11,0,0.0,1.0,1,1
11,1,0.0,1.0,0,0
11,2,0.0,1.0,0,0
12,0,2.0,1.0,2,0
12,1,2.0,1.0,2,1
12,2,2.0,1.0,2,1
13,0,0.0,0.0,0,0
13,1,0.0,0.0,0,0
13,2,0.0,0.0,0,0
14,0,1.0,2.0,2,1
14,1,1.0,2.0,1,1
14,2,1.0,2.0,1,1
15,0,0.0,0.0,0,0
15,1,0.0,0.0,0,0
15,2,0.0,0.0,0,0
16,0,1.0,1.0,2,0
16,1,1.0,1.0,0,0
16,2,1.0,1.0,1,1
17,0,0.0,1.0,1,1
17,1,0.0,1.0,1,1
17,2,0.0,1.0,1,1
18,0,1.0,0.0,0,0
18,1,1.0,0.0,1,1
18,2,1.0,0.0,0,1
19,0,1.0,1.0,1,1
19,1,1.0,1.0,2,1
19,2,1.0,1.0,0,0
20,0,1.0,0.0,1,1
20,1,1.0,0.0,1,0
20,2,1.0,0.0,1,1
21,0,2.0,1.0,2,1
21,1,2.0,1.0,2,1
21,2,2.0,1.0,2,1
22,0,0.0,2.0,1,0
22,1,0.0,2.0,1,1
22,2,0.0,2.0,1,0
23,0,1.0,0.0,0,0
23,1,1.0,0.0,1,1
23,2,1.0,0.0,1,1
24,0,1.0,0.0,1,1
24,1,1.0,0.0,1,1
24,2,1.0,0.0,1,1
25,0,1.0,2.0,2,1
25,1,1.0,2.0,2,1
25,2,1.0,2.0,2,1
26,0,0.0,1.0,0,0
26,1,0.0,1.0,0,0
26,2,0.0,1.0,1,1
27,0,0.0,1.0,1,0
27,1,0.0,1.0,1,1
27,2,0.0,1.0,1,1
28,0,0.0,0.0,0,0
28,1,0.0,0.0,0,1
28,2,0.0,0.0,0,0
29,0,0.0,2.0,1,1
29,1,0.0,2.0,1,1
29,2,0.0,2.0,1,1
30,0,2.0,0.0,1,1
30,1,2.0,0.0,1,1
30,2,2.0,0.0,1,1
31,0,1.0,1.0,1,1
31,1,1.0,1.0,1,0
31,2,1.0,1.0,0,0
32,0,1.0,1.0,2,1
32,1,1.0,1.0,0,0
32,2,1.0,1.0,1,1
33,0,0.0,0.0,0,0
33,1,0.0,0.0,0,0
33,2,0.0,0.0,0,0
34,0,0.0,0.0,0,1
34,1,0.0,0.0,0,0
34,2,0.0,0.0,0,0
35,0,0.0,1.0,1,1
35,1,0.0,1.0,0,0
35,2,0.0,1.0,0,1
36,0,0.0,1.0,1,1
36,1,0.0,1.0,1,1
36,2,0.0,1.0,0,0
37,0,1.0,0.0,0,0
37,1,1.0,0.0,0,0
37,2,1.0,0.0,1,1
38,0,1.0,1.0,2,1
38,1,1.0,1.0,1,1
38,2,1.0,1.0,2,1
39,0,0.0,1.0,1,1
39,1,0.0,1.0,0,0
39,2,0.0,1.0,1,1
40,0,0.0,1.0,1,1
40,1,0.0,1.0,1,1
40,2,0.0,1.0,0,0
41,0,1.0,1.0,1,1
41,1,1.0,1.0,1,1
41,2,1.0,1.0,1,1
42,0,1.0,0.0,1,0
42,1,1.0,0.0,0,0
42,2,1.0,0.0,0,1
43,0,2.0,2.0,2,1
43,1,2.0,2.0,2,1
43,2,2.0,2.0,2,1
44,0,1.0,0.0,1,1
44,1,1.0,0.0,1,1
44,2,1.0,0.0,0,0
45,0,1.0,1.0,2,1
45,1,1.0,1.0,2,0
45,2,1.0,1.0,0,0
46,0,1.0,2.0,1,1
46,1,1.0,2.0,1,1
46,2,1.0,2.0,2,1
47,0,0.0,1.0,0,0
47,1,0.0,1.0,1,1
47,2,0.0,1.0,0,0
48,0,0.0,1.0,1,1
48,1,0.0,1.0,1,1
48,2,0.0,1.0,1,1
49,0,1.0,1.0,1,0
49,1,1.0,1.0,1,0
49,2,1.0,1.0,0,0
50,0,1.0,1.0,2,1
50,1,1.0,1.0,1,0
50,2,1.0,1.0,0,0
51,0,1.0,0.0,1,0
51,1,1.0,0.0,0,1
51,2,1.0,0.0,1,1
52,0,1.0,1.0,0,0
52,1,1.0,1.0,0,0
52,2,1.0,1.0,1,1
53,0,2.0,1.0,2,0
53,1,2.0,1.0,2,1
53,2,2.0,1.0,2,1
54,0,1.0,1.0,1,1
54,1,1.0,1.0,2,1
54,2,1.0,1.0,2,1
55,0,0.0,0.0,0,0
55,1,0.0,0.0,0,0
55,2,0.0,0.0,0,0
56,0,1.0,1.0,1,0
56,1,1.0,1.0,1,1
56,2,1.0,1.0,1,1
57,0,2.0,1.0,2,1
57,1,2.0,1.0,2,1
57,2,2.0,1.0,2,1
58,0,1.0,1.0,1,1
58,1,1.0,1.0,1,1
58,2,1.0,1.0,1,1
59,0,1.0,0.0,1,1
59,1,1.0,0.0,0,1
59,2,1.0,0.0,0,0
60,0,1.0,2.0,1,1
60,1,1.0,2.0,1,1
60,2,1.0,2.0,2,1
61,0,1.0,1.0,1,0
61,1,1.0,1.0,2,1
61,2,1.0,1.0,1,1
62,0,0.0,2.0,1,1
62,1,0.0,2.0,1,1
62,2,0.0,2.0,1,1
63,0,1.0,2.0,1,0
63,1,1.0,2.0,1,0
63,2,1.0,2.0,2,1
64,0,1.0,1.0,1,1
64,1,1.0,1.0,1,1
64,2,1.0,1.0,1,1
65,0,2.0,1.0,2,1
65,1,2.0,1.0,2,0
65,2,2.0,1.0,2,1
66,0,1.0,1.0,2,1
66,1,1.0,1.0,1,0
66,2,1.0,1.0,2,1
67,0,0.0,0.0,0,0
67,1,0.0,0.0,0,0
67,2,0.0,0.0,0,0
68,0,1.0,1.0,1,1
68,1,1.0,1.0,0,1
68,2,1.0,1.0,0,0
69,0,1.0,1.0,0,0
69,1,1.0,1.0,1,1
69,2,1.0,1.0,1,0
70,0,0.0,0.0,0,1
70,1,0.0,0.0,0,0
70,2,0.0,0.0,0,0
71,0,1.0,1.0,0,0
71,1,1.0,1.0,1,1
71,2,1.0,1.0,1,1
72,0,1.0,1.0,0,0
72,1,1.0,1.0,0,0
72,2,1.0,1.0,1,1
73,0,1.0,1.0,2,0
73,1,1.0,1.0,0,0
73,2,1.0,1.0,1,1
74,0,0.0,2.0,1,0
74,1,0.0,2.0,1,1
74,2,0.0,2.0,1,1
75,0,1.0,1.0,1,0
75,1,1.0,1.0,1,1
75,2,1.0,1.0,1,0
76,0,0.0,1.0,1,1
76,1,0.0,1.0,1,0
76,2,0.0,1.0,1,1
77,0,1.0,1.0,0,1
77,1,1.0,1.0,1,1
77,2,1.0,1.0,0,0
78,0,2.0,1.0,2,1
78,1,2.0,1.0,1,1
78,2,2.0,1.0,2,1
79,0,0.0,2.0,1,1
79,1,0.0,2.0,1,0
79,2,0.0,2.0,1,1
80,0,0.0,1.0,1,0
80,1,0.0,1.0,0,0
80,2,0.0,1.0,1,1
81,0,0.0,1.0,1,0
81,1,0.0,1.0,0,1
81,2,0.0,1.0,0,0
82,0,2.0,0.0,1,1
82,1,2.0,0.0,1,1
82,2,2.0,0.0,1,1
83,0,0.0,0.0,0,0
83,1,0.0,0.0,0,1
83,2,0.0,0.0,0,0
84,0,1.0,1.0,0,0
84,1,1.0,1.0,0,0
84,2,1.0,1.0,0,0
85,0,0.0,1.0,1,1
85,1,0.0,1.0,1,1
85,2,0.0,1.0,0,0
86,0,0.0,2.0,1,0
86,1,0.0,2.0,1,1
86,2,0.0,2.0,1,1
87,0,0.0,1.0,0,0
87,1,0.0,1.0,1,1
87,2,0.0,1.0,1,0
88,0,0.0,0.0,0,0
88,1,0.0,0.0,0,0
88,2,0.0,0.0,0,0
89,0,1.0,0.0,0,0
89,1,1.0,0.0,0,0
89,2,1.0,0.0,0,0
90,0,0.0,1.0,1,0
90,1,0.0,1.0,1,1
90,2,0.0,1.0,0,0
91,0,1.0,1.0,1,1
91,1,1.0,1.0,1,1
91,2,1.0,1.0,1,1
92,0,1.0,1.0,2,1
92,1,1.0,1.0,0,1
92,2,1.0,1.0,0,0
93,0,0.0,1.0,0,0
93,1,0.0,1.0,0,0
93,2,0.0,1.0,0,0
94,0,2.0,1.0,1,1
94,1,2.0,1.0,2,1
94,2,2.0,1.0,2,1
95,0,1.0,0.0,1,1
95,1,1.0,0.0,0,0
95,2,1.0,0.0,0,0
96,0,1.0,1.0,0,0
96,1,1.0,1.0,1,1
96,2,1.0,1.0,2,1
97,0,2.0,0.0,1,0
97,1,2.0,0.0,1,1
97,2,2.0,0.0,1,1
98,0,0.0,1.0,0,0
98,1,0.0,1.0,0,0
98,2,0.0,1.0,0,0
99,0,2.0,0.0,1,1
99,1,2.0,0.0,1,1
99,2,2.0,0.0,1,0
100,0,2.0,2.0,2,0
100,1,2.0,2.0,2,1
100,2,2.0,2.0,2,1
101,0,0.0,1.0,1,0
101,1,0.0,1.0,0,0
101,2,0.0,1.0,0,1
102,0,0.0,2.0,1,1
102,1,0.0,2.0,1,1
102,2,0.0,2.0,1,1
103,0,2.0,2.0,2,1
103,1,2.0,2.0,2,1
103,2,2.0,2.0,2,1
104,0,2.0,1.0,1,1
104,1,2.0,1.0,1,1
104,2,2.0,1.0,1,0
105,0,1.0,0.0,0,0
105,1,1.0,0.0,0,0
105,2,1.0,0.0,0,0
106,0,1.0,1.0,2,1
106,1,1.0,1.0,2,1
106,2,1.0,1.0,1,1
107,0,1.0,0.0,1,1
107,1,1.0,0.0,0,0
107,2,1.0,0.0,0,1
108,0,0.0,2.0,1,1
108,1,0.0,2.0,1,1
108,2,0.0,2.0,1,1
109,0,0.0,1.0,1,1
109,1,0.0,1.0,0,0
109,2,0.0,1.0,0,1
110,0,1.0,1.0,1,1
110,1,1.0,1.0,1,1
110,2,1.0,1.0,2,1
111,0,2.0,1.0,2,1
111,1,2.0,1.0,2,1
111,2,2.0,1.0,1,1
112,0,0.0,0.0,0,0
112,1,0.0,0.0,0,0
112,2,0.0,0.0,0,0
113,0,0.0,0.0,0,0
113,1,0.0,0.0,0,0
113,2,0.0,0.0,0,0
114,0,1.0,1.0,2,1
114,1,1.0,1.0,2,1
114,2,1.0,1.0,1,1
115,0,0.0,0.0,0,1
115,1,0.0,0.0,0,0
115,2,0.0,0.0,0,0
116,0,1.0,0.0,0,1
116,1,1.0,0.0,0,0
116,2,1.0,0.0,1,1
117,0,1.0,1.0,0,0
117,1,1.0,1.0,0,1
117,2,1.0,1.0,1,1
118,0,0.0,1.0,0,0
118,1,0.0,1.0,0,0
118,2,0.0,1.0,0,0
119,0,1.0,2.0,2,0
119,1,1.0,2.0,1,1
119,2,1.0,2.0,2,0
120,0,1.0,1.0,2,1
120,1,1.0,1.0,2,0
120,2,1.0,1.0,1,1
121,0,2.0,0.0,1,0
121,1,2.0,0.0,1,1
121,2,2.0,0.0,1,1
122,0,0.0,0.0,0,0
122,1,0.0,0.0,0,0
122,2,0.0,0.0,0,0
123,0,0.0,2.0,1,1
123,1,0.0,2.0,1,1
123,2,0.0,2.0,1,0
124,0,2.0,1.0,1,1
124,1,2.0,1.0,2,1
124,2,2.0,1.0,1,0
125,0,1.0,1.0,1,1
125,1,1.0,1.0,0,0
125,2,1.0,1.0,1,1
126,0,2.0,0.0,1,1
126,1,2.0,0.0,1,1
126,2,2.0,0.0,1,1
127,0,1.0,0.0,0,0
127,1,1.0,0.0,1,1
127,2,1.0,0.0,0,0
128,0,0.0,1.0,1,1
128,1,0.0,1.0,1,1
128,2,0.0,1.0,1,1
129,0,2.0,2.0,2,1
129,1,2.0,2.0,2,1
129,2,2.0,2.0,2,1
130,0,1.0,0.0,0,0
130,1,1.0,0.0,0,0
130,2,1.0,0.0,0,0
131,0,1.0,1.0,1,1
131,1,1.0,1.0,1,1
131,2,1.0,1.0,1,1
132,0,1.0,2.0,1,1
132,1,1.0,2.0,2,1
132,2,1.0,2.0,2,1
133,0,1.0,1.0,2,0
133,1,1.0,1.0,1,1
133,2,1.0,1.0,2,1
134,0,1.0,0.0,1,0
134,1,1.0,0.0,1,1
134,2,1.0,0.0,0,0
135,0,1.0,1.0,1,0
135,1,1.0,1.0,0,0
135,2,1.0,1.0,0,0
136,0,1.0,0.0,1,1
136,1,1.0,0.0,1,1
136,2,1.0,0.0,0,0
137,0,1.0,1.0,2,1
137,1,1.0,1.0,2,1
137,2,1.0,1.0,1,1
138,0,0.0,2.0,1,1
138,1,0.0,2.0,1,0
138,2,0.0,2.0,1,1
139,0,1.0,0.0,0,0
139,1,1.0,0.0,0,1
139,2,1.0,0.0,1,1
140,0,1.0,0.0,1,1
140,1,1.0,0.0,1,1
140,2,1.0,0.0,0,0
141,0,2.0,1.0,1,1
141,1,2.0,1.0,2,1
141,2,2.0,1.0,1,1
142,0,1.0,0.0,0,0
142,1,1.0,0.0,1,1
142,2,1.0,0.0,1,1
143,0,0.0,0.0,0,0
143,1,0.0,0.0,0,0
143,2,0.0,0.0,0,0
144,0,0.0,0.0,0,0
144,1,0.0,0.0,0,0
144,2,0.0,0.0,0,0
145,0,0.0,0.0,0,0
145,1,0.0,0.0,0,1
145,2,0.0,0.0,0,0
146,0,1.0,1.0,1,1
146,1,1.0,1.0,2,0
146,2,1.0,1.0,1,1
147,0,1.0,0.0,0,0
147,1,1.0,0.0,1,1
147,2,1.0,0.0,0,0
148,0,1.0,0.0,1,1
148,1,1.0,0.0,1,1
148,2,1.0,0.0,1,1
149,0,0.0,1.0,0,0
149,1,0.0,1.0,1,1
149,2,0.0,1.0,0,0
150,0,1.0,1.0,0,0
150,1,1.0,1.0,2,1
150,2,1.0,1.0,1,1
151,0,0.0,1.0,0,0
151,1,0.0,1.0,1,1
151,2,0.0,1.0,1,1
152,0,0.0,1.0,0,0
152,1,0.0,1.0,1,1
152,2,0.0,1.0,1,1
153,0,1.0,2.0,2,1
153,1,1.0,2.0,2,1
153,2,1.0,2.0,1,1
154,0,1.0,1.0,2,0
154,1,1.0,1.0,2,1
154,2,1.0,1.0,2,1
155,0,1.0,0.0,0,0
155,1,1.0,0.0,1,1
155,2,1.0,0.0,0,0
156,0,0.0,0.0,0,0
156,1,0.0,0.0,0,0
156,2,0.0,0.0,0,0
157,0,1.0,2.0,2,1
157,1,1.0,2.0,1,1
157,2,1.0,2.0,2,1
158,0,1.0,0.0,1,1
158,1,1.0,0.0,1,1
158,2,1.0,0.0,0,0
159,0,0.0,1.0,0,0
159,1,0.0,1.0,1,1
159,2,0.0,1.0,0,0
160,0,1.0,0.0,1,1
160,1,1.0,0.0,0,0
160,2,1.0,0.0,0,0
161,0,0.0,1.0,0,1
161,1,0.0,1.0,1,1
161,2,0.0,1.0,1,0
162,0,0.0,0.0,0,0
162,1,0.0,0.0,0,0
162,2,0.0,0.0,0,0
163,0,1.0,2.0,2,1
163,1,1.0,2.0,2,0
163,2,1.0,2.0,2,1
164,0,1.0,1.0,2,1
164,1,1.0,1.0,1,1
164,2,1.0,1.0,0,0
165,0,0.0,2.0,1,1
165,1,0.0,2.0,1,1
165,2,0.0,2.0,1,0
166,0,1.0,1.0,2,1
166,1,1.0,1.0,2,1
166,2,1.0,1.0,1,0
167,0,1.0,0.0,0,0
167,1,1.0,0.0,1,1
167,2,1.0,0.0,1,1
168,0,1.0,0.0,1,1
168,1,1.0,0.0,0,0
168,2,1.0,0.0,0,0
169,0,1.0,2.0,1,1
169,1,1.0,2.0,2,1
169,2,1.0,2.0,1,0
170,0,1.0,2.0,1,1
170,1,1.0,2.0,1,1
170,2,1.0,2.0,1,0
171,0,2.0,0.0,1,1
171,1,2.0,0.0,1,1
171,2,2.0,0.0,1,1
172,0,2.0,0.0,1,1
172,1,2.0,0.0,1,1
172,2,2.0,0.0,1,1
173,0,0.0,1.0,0,0
173,1,0.0,1.0,1,1
173,2,0.0,1.0,0,0
174,0,1.0,0.0,1,0
174,1,1.0,0.0,0,0
174,2,1.0,0.0,0,0
175,0,0.0,0.0,0,0
175,1,0.0,0.0,0,0
175,2,0.0,0.0,0,0
176,0,0.0,0.0,0,0
176,1,0.0,0.0,0,0
176,2,0.0,0.0,0,0
177,0,1.0,0.0,1,1
177,1,1.0,0.0,1,1
177,2,1.0,0.0,1,1
178,0,2.0,0.0,1,1
178,1,2.0,0.0,1,1
178,2,2.0,0.0,1,1
179,0,1.0,1.0,1,1
179,1,1.0,1.0,1,1
179,2,1.0,1.0,1,1
180,0,1.0,0.0,1,1
180,1,1.0,0.0,1,1
180,2,1.0,0.0,0,0
181,0,1.0,2.0,2,1
181,1,1.0,2.0,2,1
181,2,1.0,2.0,2,1
182,0,0.0,1.0,0,0
182,1,0.0,1.0,0,1
182,2,0.0,1.0,1,1
183,0,1.0,0.0,0,0
183,1,1.0,0.0,0,0
183,2,1.0,0.0,0,0
184,0,0.0,0.0,0,0
184,1,0.0,0.0,0,1
184,2,0.0,0.0,0,0
185,0,2.0,1.0,2,0
185,1,2.0,1.0,2,1
185,2,2.0,1.0,1,1
186,0,1.0,0.0,0,0
186,1,1.0,0.0,0,0
186,2,1.0,0.0,1,1
187,0,2.0,1.0,1,1
187,1,2.0,1.0,2,0
187,2,2.0,1.0,1,1
188,0,0.0,0.0,0,1
188,1,0.0,0.0,0,0
188,2,0.0,0.0,0,0
189,0,0.0,0.0,0,0
189,1,0.0,0.0,0,1
189,2,0.0,0.0,0,0
190,0,1.0,2.0,1,1
190,1,1.0,2.0,2,1
190,2,1.0,2.0,1,1
191,0,1.0,0.0,1,1
191,1,1.0,0.0,0,0
191,2,1.0,0.0,0,0
192,0,1.0,2.0,1,1
192,1,1.0,2.0,2,1
192,2,1.0,2.0,2,1
193,0,0.0,0.0,0,1
193,1,0.0,0.0,0,0
193,2,0.0,0.0,0,0
194,0,0.0,0.0,0,0
194,1,0.0,0.0,0,0
194,2,0.0,0.0,0,0
195,0,0.0,2.0,1,1
195,1,0.0,2.0,1,1
195,2,0.0,2.0,1,1
196,0,1.0,1.0,1,1
196,1,1.0,1.0,2,0
196,2,1.0,1.0,2,1
197,0,1.0,0.0,1,1
197,1,1.0,0.0,0,0
197,2,1.0,0.0,0,0
198,0,0.0,2.0,1,1
198,1,0.0,2.0,1,1
198,2,0.0,2.0,1,1
199,0,0.0,1.0,1,1
199,1,0.0,1.0,1,1
199,2,0.0,1.0,0,0
200,0,2.0,1.0,2,1
200,1,2.0,1.0,2,1
200,2,2.0,1.0,2,1
201,0,2.0,0.0,1,1
201,1,2.0,0.0,1,1
201,2,2.0,0.0,1,1
202,0,2.0,2.0,2,1
202,1,2.0,2.0,2,1
202,2,2.0,2.0,2,1
203,0,0.0,1.0,0,0
203,1,0.0,1.0,0,0
203,2,0.0,1.0,0,0
204,0,1.0,1.0,1,0
204,1,1.0,1.0,0,1
204,2,1.0,1.0,0,0
205,0,1.0,1.0,2,1
205,1,1.0,1.0,0,0
205,2,1.0,1.0,2,1
206,0,1.0,1.0,1,1
206,1,1.0,1.0,1,1
206,2,1.0,1.0,0,0
207,0,0.0,1.0,1,1
207,1,0.0,1.0,1,0
207,2,0.0,1.0,0,0
208,0,1.0,0.0,0,0
208,1,1.0,0.0,0,0
208,2,1.0,0.0,0,0
209,0,1.0,0.0,0,0
209,1,1.0,0.0,1,1
209,2,1.0,0.0,1,1
210,0,0.0,0.0,0,0
210,1,0.0,0.0,0,0
210,2,0.0,0.0,0,0
211,0,2.0,0.0,1,1
211,1,2.0,0.0,1,1
211,2,2.0,0.0,1,1
212,0,1.0,2.0,2,1
212,1,1.0,2.0,2,1
212,2,1.0,2.0,2,0
213,0,1.0,1.0,1,1
213,1,1.0,1.0,0,0
213,2,1.0,1.0,1,1
214,0,1.0,0.0,1,1
214,1,1.0,0.0,1,1
214,2,1.0,0.0,0,1
215,0,2.0,1.0,2,1
215,1,2.0,1.0,1,1
215,2,2.0,1.0,2,1
216,0,1.0,0.0,1,1
216,1,1.0,0.0,0,0
216,2,1.0,0.0,1,1
217,0,1.0,1.0,0,0
217,1,1.0,1.0,1,1
217,2,1.0,1.0,2,1
218,0,1.0,1.0,0,0
218,1,1.0,1.0,1,1
218,2,1.0,1.0,2,1
219,0,0.0,1.0,0,0
219,1,0.0,1.0,1,0
219,2,0.0,1.0,1,1
220,0,1.0,0.0,1,1
220,1,1.0,0.0,1,1
220,2,1.0,0.0,1,0
221,0,0.0,1.0,1,0
221,1,0.0,1.0,1,1
221,2,0.0,1.0,0,0
222,0,1.0,0.0,1,1
222,1,1.0,0.0,0,0
222,2,1.0,0.0,1,1
223,0,1.0,1.0,1,1
223,1,1.0,1.0,1,1
223,2,1.0,1.0,1,0
224,0,0.0,2.0,1,1
224,1,0.0,2.0,1,1
224,2,0.0,2.0,1,1
225,0,1.0,1.0,1,1
225,1,1.0,1.0,2,1
225,2,1.0,1.0,1,1
226,0,1.0,1.0,2,1
226,1,1.0,1.0,1,1
226,2,1.0,1.0,0,0
227,0,1.0,1.0,1,1
227,1,1.0,1.0,1,0
227,2,1.0,1.0,0,0
228,0,1.0,0.0,1,1
228,1,1.0,0.0,1,1
228,2,1.0,0.0,1,1
229,0,2.0,1.0,1,1
229,1,2.0,1.0,1,1
229,2,2.0,1.0,1,1
230,0,2.0,1.0,1,1
230,1,2.0,1.0,2,1
230,2,2.0,1.0,1,1
231,0,0.0,0.0,0,0
231,1,0.0,0.0,0,0
231,2,0.0,0.0,0,0
232,0,2.0,0.0,1,1
232,1,2.0,0.0,1,1
232,2,2.0,0.0,1,1
233,0,2.0,0.0,1,1
233,1,2.0,0.0,1,1
233,2,2.0,0.0,1,1
234,0,1.0,0.0,1,0
234,1,1.0,0.0,1,1
234,2,1.0,0.0,0,0
235,0,1.0,1.0,1,0
235,1,1.0,1.0,0,1
235,2,1.0,1.0,2,1
236,0,1.0,0.0,0,0
236,1,1.0,0.0,1,1
236,2,1.0,0.0,0,0
237,0,1.0,2.0,1,1
237,1,1.0,2.0,1,1
237,2,1.0,2.0,2,1
238,0,2.0,0.0,1,1
238,1,2.0,0.0,1,1
238,2,2.0,0.0,1,1
239,0,2.0,2.0,2,1
239,1,2.0,2.0,2,1
239,2,2.0,2.0,2,1
240,0,0.0,1.0,1,0
240,1,0.0,1.0,0,0
240,2,0.0,1.0,1,1
241,0,1.0,0.0,1,1
241,1,1.0,0.0,0,0
241,2,1.0,0.0,0,1
242,0,1.0,0.0,0,0
242,1,1.0,0.0,1,1
242,2,1.0,0.0,1,1
243,0,0.0,1.0,1,1
243,1,0.0,1.0,0,1
243,2,0.0,1.0,1,1
244,0,1.0,0.0,1,1
244,1,1.0,0.0,1,0
244,2,1.0,0.0,0,0
245,0,0.0,2.0,1,1
245,1,0.0,2.0,1,1
245,2,0.0,2.0,1,1
246,0,0.0,2.0,1,1
246,1,0.0,2.0,1,1
246,2,0.0,2.0,1,0
247,0,1.0,0.0,0,0
247,1,1.0,0.0,0,1
247,2,1.0,0.0,1,1
248,0,0.0,0.0,0,1
248,1,0.0,0.0,0,0
248,2,0.0,0.0,0,0
249,0,0.0,1.0,0,0
249,1,0.0,1.0,0,0
249,2,0.0,1.0,0,0
250,0,1.0,1.0,2,0
250,1,1.0,1.0,2,1
250,2,1.0,1.0,1,1
251,0,1.0,1.0,0,0
251,1,1.0,1.0,0,0
251,2,1.0,1.0,0,0
252,0,1.0,0.0,0,0
252,1,1.0,0.0,1,1
252,2,1.0,0.0,1,1
253,0,0.0,0.0,0,0
253,1,0.0,0.0,0,0
253,2,0.0,0.0,0,0
254,0,1.0,2.0,2,1
254,1,1.0,2.0,2,1
254,2,1.0,2.0,1,1
255,0,1.0,0.0,1,1
255,1,1.0,0.0,1,1
255,2,1.0,0.0,1,0
256,0,1.0,1.0,1,1
256,1,1.0,1.0,2,1
256,2,1.0,1.0,0,0
257,0,1.0,0.0,1,0
257,1,1.0,0.0,1,1
257,2,1.0,0.0,0,1
258,0,0.0,1.0,1,1
258,1,0.0,1.0,1,0
258,2,0.0,1.0,1,1
259,0,0.0,1.0,1,1
259,1,0.0,1.0,0,0
259,2,0.0,1.0,1,1
260,0,0.0,2.0,1,1
260,1,0.0,2.0,1,0
260,2,0.0,2.0,1,1
261,0,0.0,1.0,1,1
261,1,0.0,1.0,1,1
261,2,0.0,1.0,1,1
262,0,1.0,0.0,1,1
262,1,1.0,0.0,0,0
262,2,1.0,0.0,1,1
263,0,0.0,1.0,1,1
263,1,0.0,1.0,0,0
263,2,0.0,1.0,1,1
264,0,1.0,1.0,1,1
264,1,1.0,1.0,1,1
264,2,1.0,1.0,0,0
265,0,0.0,0.0,0,0
265,1,0.0,0.0,0,0
265,2,0.0,0.0,0,0
266,0,0.0,0.0,0,0
266,1,0.0,0.0,0,0
266,2,0.0,0.0,0,1
267,0,0.0,1.0,0,0
267,1,0.0,1.0,0,0
267,2,0.0,1.0,1,1
268,0,0.0,1.0,1,1
268,1,0.0,1.0,0,0
268,2,0.0,1.0,0,0
269,0,0.0,2.0,1,1
269,1,0.0,2.0,1,1
269,2,0.0,2.0,1,1
270,0,1.0,1.0,0,0
270,1,1.0,1.0,1,1
270,2,1.0,1.0,0,0
271,0,0.0,1.0,0,0
271,1,0.0,1.0,0,0
271,2,0.0,1.0,1,0
272,0,1.0,1.0,1,1
272,1,1.0,1.0,1,1
272,2,1.0,1.0,1,0
273,0,1.0,0.0,1,0
273,1,1.0,0.0,0,1
273,2,1.0,0.0,1,1
274,0,0.0,0.0,0,0
274,1,0.0,0.0,0,0
274,2,0.0,0.0,0,0
275,0,1.0,1.0,1,1
275,1,1.0,1.0,1,1
275,2,1.0,1.0,1,1
276,0,1.0,0.0,0,0
276,1,1.0,0.0,1,0
276,2,1.0,0.0,1,1
277,0,0.0,1.0,0,0
277,1,0.0,1.0,1,1
277,2,0.0,1.0,0,0
278,0,0.0,1.0,0,0
278,1,0.0,1.0,0,0
278,2,0.0,1.0,1,1
279,0,1.0,0.0,1,1
279,1,1.0,0.0,0,0
279,2,1.0,0.0,0,0
280,0,1.0,0.0,1,1
280,1,1.0,0.0,0,0
280,2,1.0,0.0,1,1
281,0,2.0,0.0,1,1
281,1,2.0,0.0,1,1
281,2,2.0,0.0,1,1
282,0,0.0,1.0,0,0
282,1,0.0,1.0,1,1
282,2,0.0,1.0,0,0
283,0,0.0,0.0,0,0
283,1,0.0,0.0,0,0
283,2,0.0,0.0,0,0
284,0,1.0,1.0,1,0
284,1,1.0,1.0,0,1
284,2,1.0,1.0,1,0
285,0,0.0,1.0,1,0
285,1,0.0,1.0,0,0
285,2,0.0,1.0,0,1
286,0,0.0,1.0,1,1
286,1,0.0,1.0,0,0
286,2,0.0,1.0,1,1
287,0,0.0,0.0,0,0
287,1,0.0,0.0,0,0
287,2,0.0,0.0,0,1
288,0,0.0,1.0,1,1
288,1,0.0,1.0,0,0
288,2,0.0,1.0,1,1
289,0,1.0,1.0,0,0
289,1,1.0,1.0,2,1
289,2,1.0,1.0,1,1
290,0,1.0,1.0,0,0
290,1,1.0,1.0,2,1
290,2,1.0,1.0,1,1
291,0,0.0,0.0,0,0
291,1,0.0,0.0,0,0
291,2,0.0,0.0,0,0
292,0,1.0,2.0,2,1
292,1,1.0,2.0,1,1
292,2,1.0,2.0,2,1
293,0,0.0,2.0,1,0
293,1,0.0,2.0,1,1
293,2,0.0,2.0,1,1
294,0,1.0,1.0,0,0
294,1,1.0,1.0,0,0
294,2,1.0,1.0,2,1
295,0,0.0,0.0,0,0
295,1,0.0,0.0,0,0
295,2,0.0,0.0,0,0
296,0,1.0,2.0,1,1
296,1,1.0,2.0,1,1
296,2,1.0,2.0,2,1
297,0,0.0,1.0,0,0
297,1,0.0,1.0,0,0
297,2,0.0,1.0,0,0
298,0,1.0,1.0,1,1
298,1,1.0,1.0,2,1
298,2,1.0,1.0,0,0
299,0,0.0,0.0,0,0
299,1,0.0,0.0,0,0
299,2,0.0,0.0,0,0
300,0,1.0,2.0,1,1
300,1,1.0,2.0,2,1
300,2,1.0,2.0,1,1
301,0,0.0,0.0,0,1
301,1,0.0,0.0,0,0
301,2,0.0,0.0,0,0
302,0,2.0,1.0,2,1
302,1,2.0,1.0,2,1
302,2,2.0,1.0,2,1
303,0,1.0,2.0,2,0
303,1,1.0,2.0,1,1
303,2,1.0,2.0,1,1
304,0,1.0,1.0,1,1
304,1,1.0,1.0,1,1
304,2,1.0,1.0,1,1
305,0,1.0,0.0,1,1
305,1,1.0,0.0,1,1
305,2,1.0,0.0,1,1
306,0,1.0,0.0,1,1
306,1,1.0,0.0,1,1
306,2,1.0,0.0,1,0
307,0,0.0,1.0,0,0
307,1,0.0,1.0,1,1
307,2,0.0,1.0,1,1
308,0,1.0,1.0,1,1
308,1,1.0,1.0,1,0
308,2,1.0,1.0,2,0
309,0,1.0,0.0,0,0
309,1,1.0,0.0,1,1
309,2,1.0,0.0,0,0
310,0,2.0,0.0,1,1
310,1,2.0,0.0,1,1
310,2,2.0,0.0,1,1
311,0,0.0,1.0,1,1
311,1,0.0,1.0,0,0
311,2,0.0,1.0,0,0
312,0,0.0,1.0,0,0
312,1,0.0,1.0,0,0
312,2,0.0,1.0,1,1
313,0,0.0,0.0,0,0
313,1,0.0,0.0,0,0
313,2,0.0,0.0,0,1
314,0,0.0,2.0,1,1
314,1,0.0,2.0,1,1
314,2,0.0,2.0,1,1
315,0,1.0,1.0,1,1
315,1,1.0,1.0,2,1
315,2,1.0,1.0,0,0
316,0,0.0,0.0,0,0
316,1,0.0,0.0,0,0
316,2,0.0,0.0,0,0
317,0,1.0,1.0,1,1
317,1,1.0,1.0,1,0
317,2,1.0,1.0,1,1
318,0,1.0,1.0,0,0
318,1,1.0,1.0,0,0
318,2,1.0,1.0,0,0
319,0,0.0,0.0,0,0
319,1,0.0,0.0,0,0
319,2,0.0,0.0,0,0
320,0,0.0,0.0,0,0
320,1,0.0,0.0,0,0
320,2,0.0,0.0,0,0
321,0,1.0,1.0,0,0
321,1,1.0,1.0,0,0
321,2,1.0,1.0,2,1
322,0,1.0,1.0,0,0
322,1,1.0,1.0,1,1
322,2,1.0,1.0,0,0
323,0,1.0,0.0,1,1
323,1,1.0,0.0,1,1
323,2,1.0,0.0,1,1
324,0,1.0,0.0,1,1
324,1,1.0,0.0,1,1
324,2,1.0,0.0,0,0
325,0,1.0,1.0,2,1
325,1,1.0,1.0,0,0
325,2,1.0,1.0,1,1
326,0,1.0,1.0,1,1
326,1,1.0,1.0,2,1
326,2,1.0,1.0,1,0
327,0,1.0,0.0,1,1
327,1,1.0,0.0,1,1
327,2,1.0,0.0,0,0
328,0,1.0,1.0,2,1
328,1,1.0,1.0,1,1
328,2,1.0,1.0,2,1
329,0,0.0,2.0,1,1
329,1,0.0,2.0,1,1
329,2,0.0,2.0,1,1
330,0,2.0,0.0,1,1
330,1,2.0,0.0,1,0
330,2,2.0,0.0,1,0
331,0,1.0,1.0,1,1
331,1,1.0,1.0,1,1
331,2,1.0,1.0,1,1
332,0,2.0,0.0,1,0
332,1,2.0,0.0,1,1
332,2,2.0,0.0,1,1
333,0,1.0,1.0,2,0
333,1,1.0,1.0,1,1
333,2,1.0,1.0,1,0
334,0,1.0,1.0,2,1
334,1,1.0,1.0,2,1
334,2,1.0,1.0,1,0
335,0,1.0,1.0,1,1
335,1,1.0,1.0,1,1
335,2,1.0,1.0,1,1
336,0,1.0,1.0,0,0
336,1,1.0,1.0,0,0
336,2,1.0,1.0,1,1
337,0,0.0,1.0,1,0
337,1,0.0,1.0,1,1
337,2,0.0,1.0,1,1
338,0,0.0,1.0,1,1
338,1,0.0,1.0,0,0
338,2,0.0,1.0,1,1
339,0,1.0,1.0,0,0
339,1,1.0,1.0,2,1
339,2,1.0,1.0,0,0
340,0,1.0,1.0,1,1
340,1,1.0,1.0,1,1
340,2,1.0,1.0,1,1
341,0,1.0,1.0,2,1
341,1,1.0,1.0,1,1
341,2,1.0,1.0,2,1
342,0,2.0,0.0,1,1
342,1,2.0,0.0,1,1
342,2,2.0,0.0,1,1
343,0,1.0,2.0,2,1
343,1,1.0,2.0,1,1
343,2,1.0,2.0,2,1
344,0,0.0,1.0,1,1
344,1,0.0,1.0,1,1
344,2,0.0,1.0,0,0
345,0,2.0,2.0,2,1
345,1,2.0,2.0,2,0
345,2,2.0,2.0,2,0
346,0,1.0,0.0,0,0
346,1,1.0,0.0,1,1
346,2,1.0,0.0,0,0
347,0,2.0,1.0,1,1
347,1,2.0,1.0,1,1
347,2,2.0,1.0,2,1
348,0,2.0,1.0,1,1
348,1,2.0,1.0,2,1
348,2,2.0,1.0,2,1
349,0,1.0,0.0,0,1
349,1,1.0,0.0,0,0
349,2,1.0,0.0,0,0
350,0,2.0,1.0,1,1
350,1,2.0,1.0,1,1
350,2,2.0,1.0,2,0
351,0,1.0,0.0,0,0
351,1,1.0,0.0,1,1
351,2,1.0,0.0,0,1
352,0,2.0,1.0,1,1
352,1,2.0,1.0,2,0
352,2,2.0,1.0,1,1
353,0,1.0,1.0,1,0
353,1,1.0,1.0,2,1
353,2,1.0,1.0,1,1
354,0,2.0,0.0,1,1
354,1,2.0,0.0,1,1
354,2,2.0,0.0,1,1
355,0,1.0,2.0,2,1
355,1,1.0,2.0,1,1
355,2,1.0,2.0,2,1
356,0,2.0,2.0,2,1
356,1,2.0,2.0,2,1
356,2,2.0,2.0,2,1
357,0,2.0,0.0,1,0
357,1,2.0,0.0,1,1
357,2,2.0,0.0,1,0
358,0,1.0,1.0,1,0
358,1,1.0,1.0,1,1
358,2,1.0,1.0,1,1
359,0,2.0,0.0,1,1
359,1,2.0,0.0,1,1
359,2,2.0,0.0,1,0
360,0,1.0,0.0,0,0
360,1,1.0,0.0,1,0
360,2,1.0,0.0,1,1
361,0,0.0,1.0,0,0
361,1,0.0,1.0,1,1
361,2,0.0,1.0,0,0
362,0,0.0,2.0,1,1
362,1,0.0,2.0,1,1
362,2,0.0,2.0,1,1
363,0,2.0,1.0,2,1
363,1,2.0,1.0,1,1
363,2,2.0,1.0,2,1
364,0,0.0,2.0,1,1
364,1,0.0,2.0,1,1
364,2,0.0,2.0,1,1
365,0,2.0,1.0,1,0
365,1,2.0,1.0,1,1
365,2,2.0,1.0,2,1
366,0,0.0,0.0,0,0
366,1,0.0,0.0,0,0
366,2,0.0,0.0,0,0
367,0,1.0,0.0,0,0
367,1,1.0,0.0,0,0
367,2,1.0,0.0,0,0
368,0,2.0,1.0,2,1
368,1,2.0,1.0,2,1
368,2,2.0,1.0,1,1
369,0,0.0,1.0,0,1
369,1,0.0,1.0,1,1
369,2,0.0,1.0,0,0
370,0,0.0,1.0,1,1
370,1,0.0,1.0,1,1
370,2,0.0,1.0,1,1
371,0,1.0,2.0,1,1
371,1,1.0,2.0,1,1
371,2,1.0,2.0,2,1
372,0,1.0,2.0,1,1
372,1,1.0,2.0,2,1
372,2,1.0,2.0,2,1
373,0,1.0,1.0,1,1
373,1,1.0,1.0,2,1
373,2,1.0,1.0,0,0
374,0,0.0,2.0,1,0
374,1,0.0,2.0,1,1
374,2,0.0,2.0,1,1
375,0,1.0,0.0,1,0
375,1,1.0,0.0,1,1
375,2,1.0,0.0,0,0
376,0,2.0,0.0,1,1
376,1,2.0,0.0,1,1
376,2,2.0,0.0,1,1
377,0,1.0,2.0,1,1
377,1,1.0,2.0,1,1
377,2,1.0,2.0,2,1
378,0,1.0,1.0,1,0
378,1,1.0,1.0,1,1
378,2,1.0,1.0,0,1
379,0,0.0,2.0,1,1
379,1,0.0,2.0,1,1
379,2,0.0,2.0,1,1
380,0,1.0,1.0,2,1
380,1,1.0,1.0,1,1
380,2,1.0,1.0,0,0
381,0,1.0,0.0,1,1
381,1,1.0,0.0,0,0
381,2,1.0,0.0,1,1
382,0,1.0,1.0,2,1
382,1,1.0,1.0,2,1
382,2,1.0,1.0,2,1
383,0,1.0,2.0,2,1
383,1,1.0,2.0,2,1
383,2,1.0,2.0,2,1
384,0,0.0,1.0,0,1
384,1,0.0,1.0,0,1
384,2,0.0,1.0,0,0
385,0,0.0,1.0,0,0
385,1,0.0,1.0,0,0
385,2,0.0,1.0,1,1
386,0,2.0,1.0,2,0
386,1,2.0,1.0,1,1
386,2,2.0,1.0,2,1
387,0,1.0,1.0,0,1
387,1,1.0,1.0,1,1
387,2,1.0,1.0,0,1
388,0,1.0,1.0,0,0
388,1,1.0,1.0,0,0
388,2,1.0,1.0,2,1
389,0,1.0,0.0,1,1
389,1,1.0,0.0,1,1
389,2,1.0,0.0,1,1
390,0,0.0,1.0,1,0
390,1,0.0,1.0,0,1
390,2,0.0,1.0,0,0
391,0,0.0,0.0,0,0
391,1,0.0,0.0,0,0
391,2,0.0,0.0,0,0
392,0,1.0,0.0,1,1
392,1,1.0,0.0,0,0
392,2,1.0,0.0,1,1
393,0,0.0,1.0,1,1
393,1,0.0,1.0,1,0
393,2,0.0,1.0,0,0
394,0,1.0,1.0,1,1
394,1,1.0,1.0,2,0
394,2,1.0,1.0,1,1
395,0,0.0,0.0,0,1
395,1,0.0,0.0,0,1
395,2,0.0,0.0,0,0
396,0,0.0,0.0,0,1
396,1,0.0,0.0,0,0
396,2,0.0,0.0,0,0
397,0,1.0,1.0,2,1
397,1,1.0,1.0,1,1
397,2,1.0,1.0,1,0
398,0,0.0,2.0,1,1
398,1,0.0,2.0,1,1
398,2,0.0,2.0,1,1
399,0,1.0,2.0,1,1
399,1,1.0,2.0,1,1
399,2,1.0,2.0,2,1
400,0,1.0,0.0,1,1
400,1,1.0,0.0,1,1
400,2,1.0,0.0,0,1
401,0,1.0,1.0,0,0
401,1,1.0,1.0,2,0
401,2,1.0,1.0,1,1
402,0,2.0,1.0,1,0
402,1,2.0,1.0,1,1
402,2,2.0,1.0,2,1
403,0,0.0,1.0,1,1
403,1,0.0,1.0,0,0
403,2,0.0,1.0,0,0
404,0,1.0,1.0,1,1
404,1,1.0,1.0,1,1
404,2,1.0,1.0,0,0
405,0,2.0,0.0,1,1
405,1,2.0,0.0,1,1
405,2,2.0,0.0,1,1
406,0,1.0,0.0,0,0
406,1,1.0,0.0,0,0
406,2,1.0,0.0,0,0
407,0,2.0,0.0,1,1
407,1,2.0,0.0,1,1
407,2,2.0,0.0,1,1
408,0,1.0,2.0,2,1
408,1,1.0,2.0,1,1
408,2,1.0,2.0,1,1
409,0,1.0,2.0,1,1
409,1,1.0,2.0,2,1
409,2,1.0,2.0,1,1
410,0,2.0,1.0,2,1
410,1,2.0,1.0,1,1
410,2,2.0,1.0,1,0
411,0,0.0,1.0,0,0
411,1,0.0,1.0,0,0
411,2,0.0,1.0,1,1
412,0,2.0,1.0,2,1
412,1,2.0,1.0,1,0
412,2,2.0,1.0,2,1
413,0,1.0,1.0,1,0
413,1,1.0,1.0,2,1
413,2,1.0,1.0,1,1
414,0,1.0,1.0,1,1
414,1,1.0,1.0,1,0
414,2,1.0,1.0,0,1
415,0,1.0,2.0,2,1
415,1,1.0,2.0,1,1
415,2,1.0,2.0,1,1
416,0,2.0,1.0,1,1
416,1,2.0,1.0,1,1
416,2,2.0,1.0,2,1
417,0,1.0,1.0,2,1
417,1,1.0,1.0,1,1
417,2,1.0,1.0,2,1
418,0,0.0,0.0,0,0
418,1,0.0,0.0,0,0
418,2,0.0,0.0,0,0
419,0,1.0,2.0,2,1
419,1,1.0,2.0,2,1
419,2,1.0,2.0,2,0
420,0,1.0,1.0,2,1
420,1,1.0,1.0,0,0
420,2,1.0,1.0,2,1
421,0,1.0,2.0,1,1
421,1,1.0,2.0,1,1
421,2,1.0,2.0,1,0
422,0,1.0,0.0,1,1
422,1,1.0,0.0,1,1
422,2,1.0,0.0,0,0
423,0,1.0,0.0,1,1
423,1,1.0,0.0,0,0
423,2,1.0,0.0,0,1
424,0,0.0,1.0,0,0
424,1,0.0,1.0,0,0
424,2,0.0,1.0,0,0
425,0,1.0,1.0,2,1
425,1,1.0,1.0,2,1
425,2,1.0,1.0,0,0
426,0,1.0,0.0,0,0
426,1,1.0,0.0,0,1
426,2,1.0,0.0,0,1
427,0,0.0,1.0,1,1
427,1,0.0,1.0,0,0
427,2,0.0,1.0,0,0
428,0,0.0,1.0,1,1
428,1,0.0,1.0,0,0
428,2,0.0,1.0,0,0
429,0,0.0,1.0,1,1
429,1,0.0,1.0,1,1
429,2,0.0,1.0,0,1
430,0,2.0,0.0,1,1
430,1,2.0,0.0,1,1
430,2,2.0,0.0,1,1
431,0,1.0,2.0,2,0
431,1,1.0,2.0,1,0
431,2,1.0,2.0,1,1
432,0,2.0,1.0,1,1
432,1,2.0,1.0,1,0
432,2,2.0,1.0,1,0
433,0,1.0,0.0,0,1
433,1,1.0,0.0,1,1
433,2,1.0,0.0,1,1
434,0,0.0,1.0,1,1
434,1,0.0,1.0,0,1
434,2,0.0,1.0,1,1
435,0,2.0,1.0,1,1
435,1,2.0,1.0,2,1
435,2,2.0,1.0,2,1
436,0,0.0,1.0,1,1
436,1,0.0,1.0,1,0
436,2,0.0,1.0,1,1
437,0,2.0,0.0,1,0
437,1,2.0,0.0,1,1
437,2,2.0,0.0,1,1
438,0,0.0,0.0,0,1
438,1,0.0,0.0,0,0
438,2,0.0,0.0,0,1
439,0,1.0,0.0,0,0
439,1,1.0,0.0,1,1
439,2,1.0,0.0,0,0
440,0,1.0,2.0,1,0
440,1,1.0,2.0,1,1
440,2,1.0,2.0,2,1
441,0,0.0,0.0,0,1
441,1,0.0,0.0,0,0
441,2,0.0,0.0,0,0
442,0,2.0,1.0,2,0
442,1,2.0,1.0,2,1
442,2,2.0,1.0,2,1
443,0,0.0,0.0,0,0
443,1,0.0,0.0,0,0
443,2,0.0,0.0,0,0
444,0,2.0,1.0,1,1
444,1,2.0,1.0,2,1
444,2,2.0,1.0,2,0
445,0,0.0,1.0,0,0
445,1,0.0,1.0,0,0
445,2,0.0,1.0,0,0
446,0,0.0,0.0,0,0
446,1,0.0,0.0,0,0
446,2,0.0,0.0,0,0
447,0,1.0,1.0,1,1
447,1,1.0,1.0,2,1
447,2,1.0,1.0,0,0
448,0,1.0,1.0,2,1
448,1,1.0,1.0,1,1
448,2,1.0,1.0,1,1
449,0,1.0,1.0,1,1
449,1,1.0,1.0,1,1
449,2,1.0,1.0,0,0
450,0,0.0,0.0,0,0
450,1,0.0,0.0,0,0
450,2,0.0,0.0,0,0
451,0,1.0,0.0,0,0
451,1,1.0,0.0,0,0
451,2,1.0,0.0,0,0
452,0,0.0,2.0,1,1
452,1,0.0,2.0,1,1
452,2,0.0,2.0,1,1
453,0,0.0,2.0,1,1
453,1,0.0,2.0,1,1
453,2,0.0,2.0,1,1
454,0,2.0,1.0,1,1
454,1,2.0,1.0,2,0
454,2,2.0,1.0,2,1
455,0,1.0,2.0,1,1
455,1,1.0,2.0,1,1
455,2,1.0,2.0,2,1
456,0,2.0,2.0,2,1
456,1,2.0,2.0,2,1
456,2,2.0,2.0,2,1
457,0,1.0,2.0,2,1
457,1,1.0,2.0,2,1
457,2,1.0,2.0,2,1
458,0,1.0,0.0,0,0
458,1,1.0,0.0,1,1
458,2,1.0,0.0,0,0
459,0,0.0,0.0,0,1
459,1,0.0,0.0,0,0
459,2,0.0,0.0,0,0
460,0,1.0,1.0,1,1
460,1,1.0,1.0,2,1
460,2,1.0,1.0,2,1
461,0,1.0,0.0,1,1
461,1,1.0,0.0,0,0
461,2,1.0,0.0,1,1
462,0,2.0,1.0,1,1
462,1,2.0,1.0,2,1
462,2,2.0,1.0,2,1
463,0,1.0,1.0,2,0
463,1,1.0,1.0,1,1
463,2,1.0,1.0,0,0
464,0,1.0,1.0,1,1
464,1,1.0,1.0,2,1
464,2,1.0,1.0,2,1
465,0,1.0,0.0,0,0
465,1,1.0,0.0,0,0
465,2,1.0,0.0,1,1
466,0,2.0,1.0,1,1
466,1,2.0,1.0,2,1
466,2,2.0,1.0,2,0
467,0,1.0,1.0,1,1
467,1,1.0,1.0,2,1
467,2,1.0,1.0,0,1
468,0,2.0,1.0,2,1
468,1,2.0,1.0,2,1
468,2,2.0,1.0,2,0
469,0,1.0,1.0,1,1
469,1,1.0,1.0,0,0
469,2,1.0,1.0,1,0
470,0,1.0,1.0,1,1
470,1,1.0,1.0,1,1
470,2,1.0,1.0,2,1
471,0,1.0,0.0,0,0
471,1,1.0,0.0,1,1
471,2,1.0,0.0,1,0
472,0,0.0,2.0,1,1
472,1,0.0,2.0,1,1
472,2,0.0,2.0,1,1
473,0,0.0,1.0,1,0
473,1,0.0,1.0,1,1
473,2,0.0,1.0,1,1
474,0,1.0,1.0,1,1
474,1,1.0,1.0,1,1
474,2,1.0,1.0,2,0
475,0,2.0,2.0,2,0
475,1,2.0,2.0,2,1
475,2,2.0,2.0,2,1
476,0,0.0,0.0,0,0
476,1,0.0,0.0,0,0
476,2,0.0,0.0,0,0
477,0,0.0,2.0,1,1
477,1,0.0,2.0,1,1
477,2,0.0,2.0,1,1
478,0,0.0,2.0,1,1
478,1,0.0,2.0,1,1
478,2,0.0,2.0,1,1
479,0,0.0,1.0,1,1
479,1,0.0,1.0,1,1
479,2,0.0,1.0,0,0
480,0,2.0,1.0,2,1
480,1,2.0,1.0,2,0
480,2,2.0,1.0,2,1
481,0,2.0,2.0,2,1
481,1,2.0,2.0,2,0
481,2,2.0,2.0,2,1
482,0,0.0,0.0,0,0
482,1,0.0,0.0,0,0
482,2,0.0,0.0,0,0
483,0,1.0,1.0,2,1
483,1,1.0,1.0,2,1
483,2,1.0,1.0,2,1
484,0,1.0,1.0,2,1
484,1,1.0,1.0,0,0
484,2,1.0,1.0,2,1
485,0,0.0,1.0,1,1
485,1,0.0,1.0,0,0
485,2,0.0,1.0,0,0
486,0,1.0,2.0,2,1
486,1,1.0,2.0,2,1
486,2,1.0,2.0,2,1
487,0,1.0,0.0,1,1
487,1,1.0,0.0,1,1
487,2,1.0,0.0,1,1
488,0,0.0,0.0,0,0
488,1,0.0,0.0,0,0
488,2,0.0,0.0,0,0
489,0,2.0,1.0,2,1
489,1,2.0,1.0,2,1
489,2,2.0,1.0,2,1
490,0,0.0,1.0,1,0
490,1,0.0,1.0,1,1
490,2,0.0,1.0,1,1
491,0,2.0,1.0,1,1
491,1,2.0,1.0,2,1
491,2,2.0,1.0,2,1
492,0,0.0,0.0,0,1
492,1,0.0,0.0,0,0
492,2,0.0,0.0,0,0
493,0,0.0,0.0,0,0
493,1,0.0,0.0,0,0
493,2,0.0,0.0,0,1
494,0,1.0,0.0,1,1
494,1,1.0,0.0,0,0
494,2,1.0,0.0,0,0
495,0,0.0,1.0,1,1
495,1,0.0,1.0,0,0
495,2,0.0,1.0,0,0
496,0,1.0,0.0,1,0
496,1,1.0,0.0,1,1
496,2,1.0,0.0,0,0
497,0,0.0,2.0,1,1
497,1,0.0,2.0,1,1
497,2,0.0,2.0,1,1
498,0,1.0,0.0,0,1
498,1,1.0,0.0,0,0
498,2,1.0,0.0,0,0
499,0,1.0,0.0,1,1
499,1,1.0,0.0,0,0
499,2,1.0,0.0,0,1
500,0,0.0,2.0,1,1
500,1,0.0,2.0,1,1
500,2,0.0,2.0,1,1
501,0,1.0,1.0,2,1
501,1,1.0,1.0,1,1
501,2,1.0,1.0,0,0
502,0,0.0,1.0,1,1
502,1,0.0,1.0,0,0
502,2,0.0,1.0,1,0
503,0,0.0,0.0,0,0
503,1,0.0,0.0,0,0
503,2,0.0,0.0,0,1
504,0,2.0,1.0,1,1
504,1,2.0,1.0,2,1
504,2,2.0,1.0,1,1
505,0,1.0,1.0,1,0
505,1,1.0,1.0,1,0
505,2,1.0,1.0,1,1
506,0,0.0,0.0,0,0
506,1,0.0,0.0,0,0
506,2,0.0,0.0,0,1
507,0,0.0,0.0,0,0
507,1,0.0,0.0,0,0
507,2,0.0,0.0,0,0
508,0,0.0,0.0,0,0
508,1,0.0,0.0,0,0
508,2,0.0,0.0,0,1
509,0,1.0,0.0,1,0
509,1,1.0,0.0,0,0
509,2,1.0,0.0,0,0
510,0,1.0,2.0,2,1
510,1,1.0,2.0,2,1
510,2,1.0,2.0,2,1
511,0,1.0,1.0,1,1
511,1,1.0,1.0,2,1
511,2,1.0,1.0,0,0
512,0,2.0,1.0,2,1
512,1,2.0,1.0,1,1
512,2,2.0,1.0,2,1
513,0,2.0,0.0,1,1
513,1,2.0,0.0,1,1
513,2,2.0,0.0,1,1
514,0,1.0,2.0,2,1
514,1,1.0,2.0,2,1
514,2,1.0,2.0,2,1
515,0,2.0,0.0,1,1
515,1,2.0,0.0,1,1
515,2,2.0,0.0,1,1
516,0,0.0,0.0,0,0
516,1,0.0,0.0,0,0
516,2,0.0,0.0,0,1
517,0,0.0,0.0,0,1
517,1,0.0,0.0,0,0
517,2,0.0,0.0,0,0
518,0,1.0,0.0,1,1
518,1,1.0,0.0,0,0
518,2,1.0,0.0,0,1
519,0,1.0,1.0,1,0
519,1,1.0,1.0,1,1
519,2,1.0,1.0,2,1
520,0,2.0,0.0,1,0
520,1,2.0,0.0,1,0
520,2,2.0,0.0,1,1
521,0,0.0,1.0,1,0
521,1,0.0,1.0,1,1
521,2,0.0,1.0,1,1
522,0,2.0,0.0,1,1
522,1,2.0,0.0,1,1
522,2,2.0,0.0,1,0
523,0,1.0,2.0,2,1
523,1,1.0,2.0,2,1
523,2,1.0,2.0,1,0
524,0,0.0,1.0,0,0
524,1,0.0,1.0,1,1
524,2,0.0,1.0,0,0
525,0,1.0,1.0,2,1
525,1,1.0,1.0,2,1
525,2,1.0,1.0,2,1
526,0,0.0,0.0,0,1
526,1,0.0,0.0,0,0
526,2,0.0,0.0,0,1
527,0,0.0,1.0,1,1
527,1,0.0,1.0,0,0
527,2,0.0,1.0,1,1
528,0,0.0,1.0,1,1
528,1,0.0,1.0,1,1
528,2,0.0,1.0,1,1
529,0,1.0,0.0,0,0
529,1,1.0,0.0,0,0
529,2,1.0,0.0,0,1
530,0,1.0,1.0,2,1
530,1,1.0,1.0,1,1
530,2,1.0,1.0,0,0
531,0,0.0,1.0,0,0
531,1,0.0,1.0,1,1
531,2,0.0,1.0,1,1
532,0,1.0,2.0,1,1
532,1,1.0,2.0,2,1
532,2,1.0,2.0,2,1
533,0,1.0,1.0,0,0
533,1,1.0,1.0,1,1
533,2,1.0,1.0,2,0
534,0,0.0,0.0,0,0
534,1,0.0,0.0,0,0
534,2,0.0,0.0,0,1
535,0,2.0,1.0,1,0
535,1,2.0,1.0,1,1
535,2,2.0,1.0,1,1
536,0,1.0,0.0,1,1
536,1,1.0,0.0,0,0
536,2,1.0,0.0,0,0
537,0,1.0,1.0,1,1
537,1,1.0,1.0,0,0
537,2,1.0,1.0,0,0
538,0,0.0,0.0,0,0
538,1,0.0,0.0,0,0
538,2,0.0,0.0,0,1
539,0,0.0,1.0,0,0
539,1,0.0,1.0,0,0
539,2,0.0,1.0,0,0
540,0,1.0,0.0,0,0
540,1,1.0,0.0,1,1
540,2,1.0,0.0,1,1
541,0,0.0,1.0,0,0
541,1,0.0,1.0,0,0
541,2,0.0,1.0,1,1
542,0,0.0,1.0,1,0
542,1,0.0,1.0,1,0
542,2,0.0,1.0,1,1
543,0,2.0,0.0,1,1
543,1,2.0,0.0,1,1
543,2,2.0,0.0,1,1
544,0,2.0,0.0,1,1
544,1,2.0,0.0,1,1
544,2,2.0,0.0,1,1
545,0,1.0,1.0,0,0
545,1,1.0,1.0,0,0
545,2,1.0,1.0,1,1
546,0,1.0,2.0,2,1
546,1,1.0,2.0,2,0
546,2,1.0,2.0,2,1
547,0,1.0,2.0,1,1
547,1,1.0,2.0,1,1
547,2,1.0,2.0,1,1
548,0,1.0,1.0,0,0
548,1,1.0,1.0,2,1
548,2,1.0,1.0,1,1
549,0,0.0,0.0,0,0
549,1,0.0,0.0,0,0
549,2,0.0,0.0,0,0
550,0,0.0,1.0,0,0
550,1,0.0,1.0,0,0
550,2,0.0,1.0,0,0
551,0,2.0,1.0,1,1
551,1,2.0,1.0,2,1
551,2,2.0,1.0,1,0
552,0,1.0,0.0,1,0
552,1,1.0,0.0,1,1
552,2,1.0,0.0,0,0
553,0,0.0,0.0,0,0
553,1,0.0,0.0,0,0
553,2,0.0,0.0,0,0
554,0,2.0,1.0,2,1
554,1,2.0,1.0,2,1
554,2,2.0,1.0,2,1
555,0,0.0,1.0,0,1
555,1,0.0,1.0,0,0
555,2,0.0,1.0,1,1
556,0,1.0,1.0,0,0
556,1,1.0,1.0,1,1
556,2,1.0,1.0,2,0
557,0,0.0,1.0,1,1
557,1,0.0,1.0,0,0
557,2,0.0,1.0,1,1
558,0,0.0,2.0,1,1
558,1,0.0,2.0,1,1
558,2,0.0,2.0,1,1
559,0,2.0,1.0,2,1
559,1,2.0,1.0,2,0
559,2,2.0,1.0,2,1
560,0,0.0,0.0,0,1
560,1,0.0,0.0,0,0
560,2,0.0,0.0,0,0
561,0,1.0,1.0,1,1
561,1,1.0,1.0,0,0
561,2,1.0,1.0,1,1
562,0,0.0,2.0,1,1
562,1,0.0,2.0,1,0
562,2,0.0,2.0,1,1
563,0,0.0,1.0,1,1
563,1,0.0,1.0,1,1
563,2,0.0,1.0,1,1
564,0,0.0,1.0,1,1
564,1,0.0,1.0,1,1
564,2,0.0,1.0,0,0
565,0,1.0,1.0,1,1
565,1,1.0,1.0,1,1
565,2,1.0,1.0,1,1
566,0,1.0,2.0,2,1
566,1,1.0,2.0,1,1
566,2,1.0,2.0,1,1
567,0,2.0,1.0,2,1
567,1,2.0,1.0,2,1
567,2,2.0,1.0,2,1
568,0,2.0,0.0,1,0
568,1,2.0,0.0,1,1
568,2,2.0,0.0,1,1
569,0,2.0,0.0,1,1
569,1,2.0,0.0,1,1
569,2,2.0,0.0,1,0
570,0,0.0,1.0,0,0
570,1,0.0,1.0,0,0
570,2,0.0,1.0,0,0
571,0,1.0,0.0,0,0
571,1,1.0,0.0,1,1
571,2,1.0,0.0,1,1
572,0,2.0,1.0,2,1
572,1,2.0,1.0,1,0
572,2,2.0,1.0,1,1
573,0,1.0,1.0,1,1
573,1,1.0,1.0,2,1
573,2,1.0,1.0,1,1
574,0,0.0,1.0,1,1
574,1,0.0,1.0,1,1
574,2,0.0,1.0,1,1
575,0,0.0,1.0,1,1
575,1,0.0,1.0,1,1
575,2,0.0,1.0,0,0
576,0,2.0,0.0,1,1
576,1,2.0,0.0,1,1
576,2,2.0,0.0,1,0
577,0,0.0,1.0,1,1
577,1,0.0,1.0,1,1
577,2,0.0,1.0,0,0
578,0,1.0,0.0,1,0
578,1,1.0,0.0,0,0
578,2,1.0,0.0,0,0
579,0,0.0,1.0,1,1
579,1,0.0,1.0,1,1
579,2,0.0,1.0,1,1
580,0,1.0,2.0,2,1
580,1,1.0,2.0,1,0
580,2,1.0,2.0,1,1
581,0,0.0,0.0,0,0
581,1,0.0,0.0,0,0
581,2,0.0,0.0,0,1
582,0,1.0,0.0,0,0
582,1,1.0,0.0,0,0
582,2,1.0,0.0,1,1
583,0,0.0,2.0,1,1
583,1,0.0,2.0,1,1
583,2,0.0,2.0,1,1
584,0,1.0,0.0,0,0
584,1,1.0,0.0,1,1
584,2,1.0,0.0,0,0
585,0,1.0,1.0,0,0
585,1,1.0,1.0,0,0
585,2,1.0,1.0,0,0
586,0,0.0,0.0,0,0
586,1,0.0,0.0,0,0
586,2,0.0,0.0,0,0
587,0,2.0,1.0,1,1
587,1,2.0,1.0,2,0
587,2,2.0,1.0,1,1
588,0,1.0,1.0,1,1
588,1,1.0,1.0,1,1
588,2,1.0,1.0,1,1
589,0,1.0,0.0,0,0
589,1,1.0,0.0,0,0
589,2,1.0,0.0,1,0
590,0,2.0,2.0,2,1
590,1,2.0,2.0,2,1
590,2,2.0,2.0,2,1
591,0,1.0,0.0,1,1
591,1,1.0,0.0,0,0
591,2,1.0,0.0,1,1
592,0,0.0,0.0,0,0
592,1,0.0,0.0,0,0
592,2,0.0,0.0,0,0
593,0,0.0,0.0,0,0
593,1,0.0,0.0,0,1
593,2,0.0,0.0,0,0
594,0,0.0,1.0,0,0
594,1,0.0,1.0,0,1
594,2,0.0,1.0,1,1
595,0,1.0,1.0,0,0
595,1,1.0,1.0,1,0
595,2,1.0,1.0,1,1
596,0,1.0,2.0,1,0
596,1,1.0,2.0,2,1
596,2,1.0,2.0,2,1
597,0,1.0,0.0,1,0
597,1,1.0,0.0,1,1
597,2,1.0,0.0,0,0
598,0,0.0,0.0,0,0
598,1,0.0,0.0,0,1
598,2,0.0,0.0,0,1
599,0,1.0,0.0,0,0
599,1,1.0,0.0,0,0
599,2,1.0,0.0,0,0
600,0,0.0,2.0,1,1
600,1,0.0,2.0,1,1
600,2,0.0,2.0,1,1
601,0,2.0,0.0,1,1
601,1,2.0,0.0,1,1
601,2,2.0,0.0,1,0
602,0,0.0,2.0,1,1
602,1,0.0,2.0,1,1
602,2,0.0,2.0,1,0
603,0,0.0,1.0,1,1
603,1,0.0,1.0,1,1
603,2,0.0,1.0,0,0
604,0,0.0,1.0,1,1
604,1,0.0,1.0,0,0
604,2,0.0,1.0,1,0
605,0,2.0,0.0,1,0
605,1,2.0,0.0,1,1
605,2,2.0,0.0,1,1
606,0,0.0,2.0,1,1
606,1,0.0,2.0,1,1
606,2,0.0,2.0,1,1
607,0,1.0,1.0,2,1
607,1,1.0,1.0,1,1
607,2,1.0,1.0,1,1
608,0,2.0,1.0,1,0
608,1,2.0,1.0,2,1
608,2,2.0,1.0,1,1
609,0,1.0,0.0,1,1
609,1,1.0,0.0,1,1
609,2,1.0,0.0,1,1
610,0,1.0,2.0,1,1
610,1,1.0,2.0,1,1
610,2,1.0,2.0,1,1
611,0,1.0,2.0,1,1
611,1,1.0,2.0,1,1
611,2,1.0,2.0,2,1
612,0,0.0,1.0,1,1
612,1,0.0,1.0,0,0
612,2,0.0,1.0,0,0
613,0,2.0,1.0,1,1
613,1,2.0,1.0,1,1
613,2,2.0,1.0,2,1
614,0,0.0,2.0,1,1
614,1,0.0,2.0,1,1
614,2,0.0,2.0,1,1
615,0,0.0,1.0,1,1
615,1,0.0,1.0,1,1
615,2,0.0,1.0,0,1
616,0,2.0,2.0,2,1
616,1,2.0,2.0,2,1
616,2,2.0,2.0,2,1
617,0,1.0,1.0,1,1
617,1,1.0,1.0,1,0
617,2,1.0,1.0,1,1
618,0,1.0,2.0,2,0
618,1,1.0,2.0,1,0
618,2,1.0,2.0,2,1
619,0,0.0,1.0,1,1
619,1,0.0,1.0,1,1
619,2,0.0,1.0,0,0
620,0,1.0,0.0,0,0
620,1,1.0,0.0,0,0
620,2,1.0,0.0,0,0
621,0,1.0,0.0,0,0
621,1,1.0,0.0,1,1
621,2,1.0,0.0,1,0
622,0,0.0,0.0,0,1
622,1,0.0,0.0,0,0
622,2,0.0,0.0,0,1
623,0,0.0,1.0,1,1
623,1,0.0,1.0,1,1
623,2,0.0,1.0,1,1
624,0,1.0,2.0,2,1
624,1,1.0,2.0,2,1
624,2,1.0,2.0,1,1
625,0,1.0,1.0,1,1
625,1,1.0,1.0,2,1
625,2,1.0,1.0,1,1
626,0,1.0,1.0,1,1
626,1,1.0,1.0,1,1
626,2,1.0,1.0,0,0
627,0,0.0,1.0,1,1
627,1,0.0,1.0,1,1
627,2,0.0,1.0,1,1
628,0,2.0,1.0,2,1
628,1,2.0,1.0,2,1
628,2,2.0,1.0,2,1
629,0,1.0,0.0,1,1
629,1,1.0,0.0,0,0
629,2,1.0,0.0,0,0
630,0,0.0,0.0,0,0
630,1,0.0,0.0,0,0
630,2,0.0,0.0,0,0
631,0,1.0,0.0,1,1
631,1,1.0,0.0,1,1
631,2,1.0,0.0,1,1
632,0,0.0,0.0,0,1
632,1,0.0,0.0,0,0
632,2,0.0,0.0,0,0
633,0,2.0,1.0,2,1
633,1,2.0,1.0,2,0
633,2,2.0,1.0,2,1
634,0,1.0,1.0,1,1
634,1,1.0,1.0,0,0
634,2,1.0,1.0,2,1
635,0,1.0,0.0,0,0
635,1,1.0,0.0,1,1
635,2,1.0,0.0,0,0
636,0,0.0,2.0,1,1
636,1,0.0,2.0,1,1
636,2,0.0,2.0,1,1
637,0,0.0,2.0,1,1
637,1,0.0,2.0,1,0
637,2,0.0,2.0,1,1
638,0,0.0,0.0,0,0
638,1,0.0,0.0,0,0
638,2,0.0,0.0,0,0
639,0,1.0,0.0,0,0
639,1,1.0,0.0,0,1
639,2,1.0,0.0,0,0
640,0,0.0,1.0,1,0
640,1,0.0,1.0,1,1
640,2,0.0,1.0,1,1
641,0,1.0,2.0,1,1
641,1,1.0,2.0,1,0
641,2,1.0,2.0,1,1
642,0,0.0,1.0,0,0
642,1,0.0,1.0,1,1
642,2,0.0,1.0,0,0
643,0,1.0,0.0,1,1
643,1,1.0,0.0,1,1
643,2,1.0,0.0,0,0
644,0,1.0,1.0,1,1
644,1,1.0,1.0,0,0
644,2,1.0,1.0,0,0
645,0,0.0,1.0,0,0
645,1,0.0,1.0,1,1
645,2,0.0,1.0,0,0
646,0,1.0,2.0,1,1
646,1,1.0,2.0,2,0
646,2,1.0,2.0,2,1
647,0,1.0,2.0,2,1
647,1,1.0,2.0,2,0
647,2,1.0,2.0,2,0
648,0,1.0,1.0,1,1
648,1,1.0,1.0,0,0
648,2,1.0,1.0,0,0
649,0,2.0,1.0,2,0
649,1,2.0,1.0,1,1
649,2,2.0,1.0,2,0
650,0,0.0,0.0,0,0
650,1,0.0,0.0,0,0
650,2,0.0,0.0,0,0
651,0,1.0,1.0,0,1
651,1,1.0,1.0,1,1
651,2,1.0,1.0,0,0
652,0,0.0,2.0,1,1
652,1,0.0,2.0,1,1
652,2,0.0,2.0,1,1
653,0,1.0,2.0,2,1
653,1,1.0,2.0,1,1
653,2,1.0,2.0,1,1
654,0,2.0,1.0,2,1
654,1,2.0,1.0,1,0
654,2,2.0,1.0,2,1
655,0,1.0,2.0,2,1
655,1,1.0,2.0,1,1
655,2,1.0,2.0,2,1
656,0,0.0,1.0,1,1
656,1,0.0,1.0,1,1
656,2,0.0,1.0,0,0
657,0,2.0,1.0,1,1
657,1,2.0,1.0,1,1
657,2,2.0,1.0,2,1
658,0,0.0,0.0,0,0
658,1,0.0,0.0,0,0
658,2,0.0,0.0,0,0
659,0,0.0,2.0,1,0
659,1,0.0,2.0,1,1
659,2,0.0,2.0,1,1
660,0,1.0,1.0,1,1
660,1,1.0,1.0,1,1
660,2,1.0,1.0,1,1
661,0,0.0,1.0,0,1
661,1,0.0,1.0,0,0
661,2,0.0,1.0,1,1
662,0,2.0,2.0,2,0
662,1,2.0,2.0,2,1
662,2,2.0,2.0,2,1
663,0,0.0,1.0,1,1
663,1,0.0,1.0,1,1
663,2,0.0,1.0,1,0
664,0,1.0,2.0,1,0
664,1,1.0,2.0,1,1
664,2,1.0,2.0,1,1
665,0,0.0,0.0,0,0
665,1,0.0,0.0,0,0
665,2,0.0,0.0,0,0
666,0,0.0,1.0,0,0
666,1,0.0,1.0,1,1
666,2,0.0,1.0,0,0
667,0,1.0,1.0,1,1
667,1,1.0,1.0,1,1
667,2,1.0,1.0,2,1
668,0,1.0,2.0,2,1
668,1,1.0,2.0,1,1
668,2,1.0,2.0,1,1
669,0,0.0,1.0,1,1
669,1,0.0,1.0,1,1
669,2,0.0,1.0,1,0
670,0,0.0,0.0,0,1
670,1,0.0,0.0,0,0
670,2,0.0,0.0,0,0
671,0,1.0,0.0,0,0
671,1,1.0,0.0,0,0
671,2,1.0,0.0,0,0
672,0,0.0,0.0,0,0
672,1,0.0,0.0,0,0
672,2,0.0,0.0,0,0
673,0,1.0,0.0,1,1
673,1,1.0,0.0,0,0
673,2,1.0,0.0,1,1
674,0,1.0,1.0,1,1
674,1,1.0,1.0,1,0
674,2,1.0,1.0,0,0
675,0,0.0,1.0,1,1
675,1,0.0,1.0,0,0
675,2,0.0,1.0,0,1
676,0,2.0,0.0,1,1
676,1,2.0,0.0,1,1
676,2,2.0,0.0,1,1
677,0,1.0,2.0,2,1
677,1,1.0,2.0,2,1
677,2,1.0,2.0,2,1
678,0,1.0,0.0,0,0
678,1,1.0,0.0,1,1
678,2,1.0,0.0,1,1
679,0,1.0,1.0,0,0
679,1,1.0,1.0,1,1
679,2,1.0,1.0,0,0
680,0,0.0,0.0,0,0
680,1,0.0,0.0,0,0
680,2,0.0,0.0,0,0
681,0,2.0,0.0,1,1
681,1,2.0,0.0,1,1
681,2,2.0,0.0,1,1
682,0,1.0,0.0,1,0
682,1,1.0,0.0,0,0
682,2,1.0,0.0,0,0
683,0,1.0,0.0,0,0
683,1,1.0,0.0,0,0
683,2,1.0,0.0,1,1
684,0,1.0,1.0,2,1
684,1,1.0,1.0,1,1
684,2,1.0,1.0,2,1
685,0,1.0,2.0,1,0
685,1,1.0,2.0,1,1
685,2,1.0,2.0,1,1
686,0,1.0,1.0,1,1
686,1,1.0,1.0,2,1
686,2,1.0,1.0,1,1
687,0,1.0,1.0,0,1
687,1,1.0,1.0,2,0
687,2,1.0,1.0,2,1
688,0,1.0,1.0,0,0
688,1,1.0,1.0,1,1
688,2,1.0,1.0,1,1
689,0,1.0,1.0,1,0
689,1,1.0,1.0,2,1
689,2,1.0,1.0,0,0
690,0,2.0,1.0,2,0
690,1,2.0,1.0,2,1
690,2,2.0,1.0,1,1
691,0,0.0,0.0,0,0
691,1,0.0,0.0,0,0
691,2,0.0,0.0,0,0
692,0,1.0,0.0,0,0
692,1,1.0,0.0,1,0
692,2,1.0,0.0,0,0
693,0,1.0,1.0,2,1
693,1,1.0,1.0,1,1
693,2,1.0,1.0,0,0
694,0,0.0,1.0,1,1
694,1,0.0,1.0,1,1
694,2,0.0,1.0,1,1
695,0,0.0,1.0,0,0
695,1,0.0,1.0,0,0
695,2,0.0,1.0,0,1
696,0,1.0,1.0,1,1
696,1,1.0,1.0,2,1
696,2,1.0,1.0,2,0
697,0,0.0,1.0,1,1
697,1,0.0,1.0,1,1
697,2,0.0,1.0,1,0
698,0,1.0,0.0,1,0
698,1,1.0,0.0,1,1
698,2,1.0,0.0,0,0
699,0,0.0,1.0,1,1
699,1,0.0,1.0,1,1
699,2,0.0,1.0,0,0
700,0,1.0,1.0,2,1
700,1,1.0,1.0,1,1
700,2,1.0,1.0,1,1
701,0,0.0,1.0,0,0
701,1,0.0,1.0,0,0
701,2,0.0,1.0,1,1
702,0,1.0,2.0,2,1
702,1,1.0,2.0,2,1
702,2,1.0,2.0,2,0
703,0,0.0,1.0,0,0
703,1,0.0,1.0,1,1
703,2,0.0,1.0,0,0
704,0,1.0,1.0,0,0
704,1,1.0,1.0,1,1
704,2,1.0,1.0,1,1
705,0,0.0,1.0,0,0
705,1,0.0,1.0,0,1
705,2,0.0,1.0,0,0
706,0,1.0,1.0,1,1
706,1,1.0,1.0,0,0
706,2,1.0,1.0,2,1
707,0,1.0,1.0,1,1
707,1,1.0,1.0,0,1
707,2,1.0,1.0,1,1
708,0,0.0,0.0,0,0
708,1,0.0,0.0,0,0
708,2,0.0,0.0,0,0
709,0,0.0,1.0,1,1
709,1,0.0,1.0,1,1
709,2,0.0,1.0,1,1
710,0,1.0,1.0,0,0
710,1,1.0,1.0,1,1
710,2,1.0,1.0,2,1
711,0,2.0,1.0,1,1
711,1,2.0,1.0,1,1
711,2,2.0,1.0,2,0
712,0,1.0,0.0,1,1
712,1,1.0,0.0,0,0
712,2,1.0,0.0,0,0
713,0,0.0,0.0,0,1
713,1,0.0,0.0,0,0
713,2,0.0,0.0,0,0
714,0,1.0,0.0,1,0
714,1,1.0,0.0,0,1
714,2,1.0,0.0,1,1
715,0,0.0,1.0,1,1
715,1,0.0,1.0,0,0
715,2,0.0,1.0,1,1
716,0,1.0,1.0,1,1
716,1,1.0,1.0,1,0
716,2,1.0,1.0,1,0
717,0,0.0,1.0,1,1
717,1,0.0,1.0,1,1
717,2,0.0,1.0,0,0
718,0,2.0,0.0,1,1
718,1,2.0,0.0,1,1
718,2,2.0,0.0,1,1
719,0,0.0,1.0,1,1
719,1,0.0,1.0,1,1
719,2,0.0,1.0,1,1
720,0,0.0,1.0,1,1
720,1,0.0,1.0,0,1
720,2,0.0,1.0,0,0
721,0,0.0,1.0,1,0
721,1,0.0,1.0,1,1
721,2,0.0,1.0,1,1
722,0,2.0,1.0,1,1
722,1,2.0,1.0,2,1
722,2,2.0,1.0,2,1
723,0,1.0,0.0,1,1
723,1,1.0,0.0,0,0
723,2,1.0,0.0,0,0
724,0,0.0,1.0,0,0
724,1,0.0,1.0,1,1
724,2,0.0,1.0,0,0
725,0,1.0,1.0,1,1
725,1,1.0,1.0,2,0
725,2,1.0,1.0,0,1
726,0,0.0,1.0,1,1
726,1,0.0,1.0,0,0
726,2,0.0,1.0,1,1
727,0,0.0,1.0,0,0
727,1,0.0,1.0,1,1
727,2,0.0,1.0,0,0
728,0,1.0,1.0,1,1
728,1,1.0,1.0,1,1
728,2,1.0,1.0,0,0
729,0,0.0,0.0,0,0
729,1,0.0,0.0,0,0
729,2,0.0,0.0,0,0
730,0,1.0,2.0,2,1
730,1,1.0,2.0,2,1
730,2,1.0,2.0,1,1
731,0,0.0,2.0,1,0
731,1,0.0,2.0,1,1
731,2,0.0,2.0,1,1
732,0,1.0,1.0,1,1
732,1,1.0,1.0,1,1
732,2,1.0,1.0,1,1
733,0,2.0,1.0,2,1
733,1,2.0,1.0,2,1
733,2,2.0,1.0,2,1
734,0,1.0,2.0,2,1
734,1,1.0,2.0,2,1
734,2,1.0,2.0,1,1
735,0,1.0,2.0,2,1
735,1,1.0,2.0,2,1
735,2,1.0,2.0,1,0
736,0,1.0,1.0,2,1
736,1,1.0,1.0,2,1
736,2,1.0,1.0,1,1
737,0,1.0,0.0,0,0
737,1,1.0,0.0,0,1
737,2,1.0,0.0,1,1
738,0,0.0,0.0,0,0
738,1,0.0,0.0,0,0
738,2,0.0,0.0,0,0
739,0,2.0,1.0,1,1
739,1,2.0,1.0,2,1
739,2,2.0,1.0,1,1
740,0,2.0,1.0,1,1
740,1,2.0,1.0,2,1
740,2,2.0,1.0,1,1
741,0,0.0,1.0,1,1
741,1,0.0,1.0,0,0
741,2,0.0,1.0,0,0
742,0,0.0,2.0,1,0
742,1,0.0,2.0,1,1
742,2,0.0,2.0,1,1
743,0,0.0,1.0,1,1
743,1,0.0,1.0,1,0
743,2,0.0,1.0,1,1
744,0,1.0,1.0,2,1
744,1,1.0,1.0,2,1
744,2,1.0,1.0,2,0
745,0,0.0,0.0,0,0
745,1,0.0,0.0,0,0
745,2,0.0,0.0,0,0
746,0,1.0,2.0,1,1
746,1,1.0,2.0,1,1
746,2,1.0,2.0,2,1
747,0,0.0,2.0,1,1
747,1,0.0,2.0,1,1
747,2,0.0,2.0,1,1
748,0,0.0,1.0,1,1
748,1,0.0,1.0,1,1
748,2,0.0,1.0,1,1
749,0,0.0,0.0,0,0
749,1,0.0,0.0,0,1
749,2,0.0,0.0,0,0
750,0,1.0,0.0,0,0
750,1,1.0,0.0,1,0
750,2,1.0,0.0,0,0
751,0,1.0,1.0,2,1
751,1,1.0,1.0,1,1
751,2,1.0,1.0,1,0
752,0,0.0,1.0,0,0
752,1,0.0,1.0,0,0
752,2,0.0,1.0,0,0
753,0,2.0,1.0,1,1
753,1,2.0,1.0,2,1
753,2,2.0,1.0,2,1
754,0,2.0,0.0,1,1
754,1,2.0,0.0,1,1
754,2,2.0,0.0,1,1
755,0,0.0,2.0,1,1
755,1,0.0,2.0,1,1
755,2,0.0,2.0,1,1
756,0,2.0,1.0,1,1
756,1,2.0,1.0,1,1
756,2,2.0,1.0,2,1
757,0,1.0,2.0,1,1
757,1,1.0,2.0,1,1
757,2,1.0,2.0,1,1
758,0,2.0,0.0,1,0
758,1,2.0,0.0,1,1
758,2,2.0,0.0,1,0
759,0,1.0,1.0,1,1
759,1,1.0,1.0,1,1
759,2,1.0,1.0,0,0
760,0,1.0,0.0,0,0
760,1,1.0,0.0,1,1
760,2,1.0,0.0,0,0
761,0,0.0,1.0,1,1
761,1,0.0,1.0,0,0
761,2,0.0,1.0,0,0
762,0,1.0,2.0,1,0
762,1,1.0,2.0,2,0
762,2,1.0,2.0,1,1
763,0,1.0,0.0,0,0
763,1,1.0,0.0,0,0
763,2,1.0,0.0,0,0
764,0,0.0,1.0,0,0
764,1,0.0,1.0,0,0
764,2,0.0,1.0,0,0
765,0,1.0,1.0,1,1
765,1,1.0,1.0,2,0
765,2,1.0,1.0,2,0
766,0,0.0,0.0,0,0
766,1,0.0,0.0,0,0
766,2,0.0,0.0,0,0
767,0,2.0,2.0,2,1
767,1,2.0,2.0,2,1
767,2,2.0,2.0,2,1
768,0,0.0,2.0,1,1
768,1,0.0,2.0,1,1
768,2,0.0,2.0,1,1
769,0,1.0,1.0,0,1
769,1,1.0,1.0,0,0
769,2,1.0,1.0,0,1
770,0,1.0,0.0,1,1
770,1,1.0,0.0,0,0
770,2,1.0,0.0,0,0
771,0,2.0,2.0,2,1
771,1,2.0,2.0,2,0
771,2,2.0,2.0,2,1
772,0,0.0,0.0,0,0
772,1,0.0,0.0,0,0
772,2,0.0,0.0,0,0
773,0,2.0,0.0,1,0
773,1,2.0,0.0,1,1
773,2,2.0,0.0,1,1
774,0,1.0,1.0,1,1
774,1,1.0,1.0,2,0
774,2,1.0,1.0,1,1
775,0,0.0,0.0,0,0
775,1,0.0,0.0,0,0
775,2,0.0,0.0,0,1
776,0,1.0,1.0,1,1
776,1,1.0,1.0,2,1
776,2,1.0,1.0,1,1
777,0,1.0,0.0,0,0
777,1,1.0,0.0,1,0
777,2,1.0,0.0,1,1
778,0,0.0,1.0,0,0
778,1,0.0,1.0,1,1
778,2,0.0,1.0,0,1
779,0,2.0,1.0,1,1
779,1,2.0,1.0,2,1
779,2,2.0,1.0,2,0
780,0,0.0,1.0,0,0
780,1,0.0,1.0,0,0
780,2,0.0,1.0,1,0
781,0,1.0,2.0,2,1
781,1,1.0,2.0,2,1
781,2,1.0,2.0,2,1
782,0,1.0,0.0,1,1
782,1,1.0,0.0,0,0
782,2,1.0,0.0,0,0
783,0,0.0,1.0,0,0
783,1,0.0,1.0,0,0
783,2,0.0,1.0,0,1
784,0,1.0,1.0,1,0
784,1,1.0,1.0,1,0
784,2,1.0,1.0,1,1
785,0,1.0,0.0,1,1
785,1,1.0,0.0,1,0
785,2,1.0,0.0,0,0
786,0,1.0,1.0,1,0
786,1,1.0,1.0,0,0
786,2,1.0,1.0,1,1
787,0,0.0,1.0,0,0
787,1,0.0,1.0,0,0
787,2,0.0,1.0,0,0
788,0,0.0,0.0,0,0
788,1,0.0,0.0,0,0
788,2,0.0,0.0,0,0
789,0,2.0,1.0,1,1
789,1,2.0,1.0,2,1
789,2,2.0,1.0,1,1
790,0,1.0,2.0,1,0
790,1,1.0,2.0,1,0
790,2,1.0,2.0,1,1
791,0,1.0,0.0,0,0
791,1,1.0,0.0,1,1
791,2,1.0,0.0,0,1
792,0,1.0,0.0,0,0
792,1,1.0,0.0,0,0
792,2,1.0,0.0,1,1
793,0,2.0,1.0,1,1
793,1,2.0,1.0,1,1
793,2,2.0,1.0,2,1
794,0,0.0,1.0,1,0
794,1,0.0,1.0,0,0
794,2,0.0,1.0,1,1
795,0,2.0,0.0,1,1
795,1,2.0,0.0,1,1
795,2,2.0,0.0,1,1
796,0,0.0,2.0,1,0
796,1,0.0,2.0,1,1
796,2,0.0,2.0,1,1
797,0,0.0,1.0,1,1
797,1,0.0,1.0,1,1
797,2,0.0,1.0,1,1
798,0,1.0,0.0,1,1
798,1,1.0,0.0,1,1
798,2,1.0,0.0,0,0
799,0,0.0,1.0,1,1
799,1,0.0,1.0,0,0
799,2,0.0,1.0,1,1
800,0,0.0,0.0,0,0
800,1,0.0,0.0,0,0
800,2,0.0,0.0,0,0
801,0,1.0,1.0,2,1
801,1,1.0,1.0,2,0
801,2,1.0,1.0,1,1
802,0,1.0,2.0,1,1
802,1,1.0,2.0,1,1
802,2,1.0,2.0,1,1
803,0,1.0,1.0,2,1
803,1,1.0,1.0,1,1
803,2,1.0,1.0,0,0
804,0,1.0,1.0,2,1
804,1,1.0,1.0,1,1
804,2,1.0,1.0,1,0
805,0,0.0,2.0,1,0
805,1,0.0,2.0,1,0
805,2,0.0,2.0,1,1
806,0,0.0,0.0,0,0
806,1,0.0,0.0,0,0
806,2,0.0,0.0,0,0
807,0,1.0,1.0,1,0
807,1,1.0,1.0,0,0
807,2,1.0,1.0,1,1
808,0,0.0,0.0,0,0
808,1,0.0,0.0,0,0
808,2,0.0,0.0,0,1
809,0,0.0,1.0,1,0
809,1,0.0,1.0,1,0
809,2,0.0,1.0,1,1
810,0,1.0,1.0,1,1
810,1,1.0,1.0,1,0
810,2,1.0,1.0,1,1
811,0,0.0,1.0,1,1
811,1,0.0,1.0,1,1
811,2,0.0,1.0,0,0
812,0,1.0,1.0,0,0
812,1,1.0,1.0,2,1
812,2,1.0,1.0,1,0
813,0,0.0,0.0,0,1
813,1,0.0,0.0,0,0
813,2,0.0,0.0,0,0
814,0,1.0,0.0,0,1
814,1,1.0,0.0,0,0
814,2,1.0,0.0,1,1
815,0,0.0,1.0,0,0
815,1,0.0,1.0,1,1
815,2,0.0,1.0,0,0
816,0,0.0,1.0,0,0
816,1,0.0,1.0,1,0
816,2,0.0,1.0,0,0
817,0,1.0,0.0,1,1
817,1,1.0,0.0,1,1
817,2,1.0,0.0,0,0
818,0,0.0,1.0,1,1
818,1,0.0,1.0,0,0
818,2,0.0,1.0,0,0
819,0,2.0,0.0,1,1
819,1,2.0,0.0,1,0
819,2,2.0,0.0,1,1
820,0,2.0,1.0,2,1
820,1,2.0,1.0,1,0
820,2,2.0,1.0,1,0
821,0,1.0,2.0,1,1
821,1,1.0,2.0,1,1
821,2,1.0,2.0,2,1
822,0,1.0,0.0,1,1
822,1,1.0,0.0,0,0
822,2,1.0,0.0,0,1
823,0,1.0,1.0,2,1
823,1,1.0,1.0,1,1
823,2,1.0,1.0,0,0
824,0,1.0,0.0,0,1
824,1,1.0,0.0,0,0
824,2,1.0,0.0,0,0
825,0,0.0,1.0,0,0
825,1,0.0,1.0,1,1
825,2,0.0,1.0,1,1
826,0,2.0,1.0,1,1
826,1,2.0,1.0,1,1
826,2,2.0,1.0,2,1
827,0,2.0,1.0,2,0
827,1,2.0,1.0,1,1
827,2,2.0,1.0,2,0
828,0,0.0,0.0,0,0
828,1,0.0,0.0,0,0
828,2,0.0,0.0,0,0
829,0,2.0,0.0,1,1
829,1,2.0,0.0,1,1
829,2,2.0,0.0,1,0
830,0,1.0,1.0,0,0
830,1,1.0,1.0,0,0
830,2,1.0,1.0,1,1
831,0,2.0,2.0,2,1
831,1,2.0,2.0,2,1
831,2,2.0,2.0,2,1
832,0,1.0,2.0,2,1
832,1,1.0,2.0,2,1
832,2,1.0,2.0,2,1
833,0,2.0,1.0,1,1
833,1,2.0,1.0,1,1
833,2,2.0,1.0,2,1
834,0,1.0,0.0,0,0
834,1,1.0,0.0,0,0
834,2,1.0,0.0,0,0
835,0,1.0,0.0,1,1
835,1,1.0,0.0,0,0
835,2,1.0,0.0,1,1
836,0,1.0,1.0,1,1
836,1,1.0,1.0,2,0
836,2,1.0,1.0,1,1
837,0,0.0,1.0,0,0
837,1,0.0,1.0,1,1
837,2,0.0,1.0,1,1
838,0,1.0,1.0,2,1
838,1,1.0,1.0,1,0
838,2,1.0,1.0,2,1
839,0,2.0,2.0,2,1
839,1,2.0,2.0,2,0
839,2,2.0,2.0,2,0
840,0,0.0,2.0,1,1
840,1,0.0,2.0,1,1
840,2,0.0,2.0,1,1
841,0,1.0,2.0,1,0
841,1,1.0,2.0,2,1
841,2,1.0,2.0,2,1
842,0,1.0,0.0,0,0
842,1,1.0,0.0,1,1
842,2,1.0,0.0,1,1
843,0,1.0,0.0,0,1
843,1,1.0,0.0,0,0
843,2,1.0,0.0,1,1
844,0,0.0,0.0,0,0
844,1,0.0,0.0,0,0
844,2,0.0,0.0,0,0
845,0,1.0,1.0,1,1
845,1,1.0,1.0,2,0
845,2,1.0,1.0,0,0
846,0,1.0,2.0,2,0
846,1,1.0,2.0,1,1
846,2,1.0,2.0,2,1
847,0,1.0,0.0,1,1
847,1,1.0,0.0,0,0
847,2,1.0,0.0,1,1
848,0,0.0,2.0,1,1
848,1,0.0,2.0,1,1
848,2,0.0,2.0,1,0
849,0,1.0,2.0,1,1
849,1,1.0,2.0,1,1
849,2,1.0,2.0,2,0
850,0,0.0,1.0,1,1
850,1,0.0,1.0,1,1
850,2,0.0,1.0,0,0
851,0,1.0,1.0,1,1
851,1,1.0,1.0,0,0
851,2,1.0,1.0,2,0
852,0,1.0,2.0,1,1
852,1,1.0,2.0,1,0
852,2,1.0,2.0,1,1
853,0,0.0,1.0,0,0
853,1,0.0,1.0,1,1
853,2,0.0,1.0,1,1
854,0,0.0,0.0,0,1
854,1,0.0,0.0,0,0
854,2,0.0,0.0,0,0
855,0,1.0,1.0,1,0
855,1,1.0,1.0,1,1
855,2,1.0,1.0,2,1
856,0,1.0,1.0,0,0
856,1,1.0,1.0,1,1
856,2,1.0,1.0,2,1
857,0,1.0,1.0,2,1
857,1,1.0,1.0,1,1
857,2,1.0,1.0,2,1
858,0,1.0,1.0,1,1
858,1,1.0,1.0,1,1
858,2,1.0,1.0,1,1
859,0,1.0,2.0,2,1
859,1,1.0,2.0,2,0
859,2,1.0,2.0,2,0
860,0,1.0,0.0,0,0
860,1,1.0,0.0,0,1
860,2,1.0,0.0,0,0
861,0,1.0,0.0,0,0
861,1,1.0,0.0,0,0
861,2,1.0,0.0,1,1
862,0,1.0,0.0,0,0
862,1,1.0,0.0,1,0
862,2,1.0,0.0,0,0
863,0,1.0,0.0,0,0
863,1,1.0,0.0,0,1
863,2,1.0,0.0,1,1
864,0,0.0,1.0,0,1
864,1,0.0,1.0,0,0
864,2,0.0,1.0,0,0
865,0,1.0,1.0,2,1
865,1,1.0,1.0,0,1
865,2,1.0,1.0,1,1
866,0,0.0,0.0,0,0
866,1,0.0,0.0,0,0
866,2,0.0,0.0,0,0
867,0,0.0,0.0,0,0
867,1,0.0,0.0,0,0
867,2,0.0,0.0,0,0
868,0,2.0,1.0,1,1
868,1,2.0,1.0,1,1
868,2,2.0,1.0,1,1
869,0,2.0,1.0,1,1
869,1,2.0,1.0,1,0
869,2,2.0,1.0,1,0
870,0,1.0,0.0,1,1
870,1,1.0,0.0,0,0
870,2,1.0,0.0,1,0
871,0,1.0,1.0,2,1
871,1,1.0,1.0,0,0
871,2,1.0,1.0,1,0
872,0,1.0,2.0,2,0
872,1,1.0,2.0,2,1
872,2,1.0,2.0,1,1
873,0,1.0,1.0,1,1
873,1,1.0,1.0,2,1
873,2,1.0,1.0,1,1
874,0,0.0,1.0,1,0
874,1,0.0,1.0,1,1
874,2,0.0,1.0,1,1
875,0,1.0,0.0,1,0
875,1,1.0,0.0,0,0
875,2,1.0,0.0,0,1
876,0,1.0,2.0,1,1
876,1,1.0,2.0,2,1
876,2,1.0,2.0,1,1
877,0,1.0,1.0,2,1
877,1,1.0,1.0,0,0
877,2,1.0,1.0,1,1
878,0,0.0,0.0,0,1
878,1,0.0,0.0,0,0
878,2,0.0,0.0,0,0
879,0,1.0,1.0,0,0
879,1,1.0,1.0,0,0
879,2,1.0,1.0,1,1
880,0,0.0,1.0,0,1
880,1,0.0,1.0,1,1
880,2,0.0,1.0,0,0
881,0,1.0,1.0,0,1
881,1,1.0,1.0,1,1
881,2,1.0,1.0,1,1
882,0,0.0,0.0,0,0
882,1,0.0,0.0,0,0
882,2,0.0,0.0,0,0
883,0,0.0,1.0,0,0
883,1,0.0,1.0,1,1
883,2,0.0,1.0,0,0
884,0,1.0,1.0,1,1
884,1,1.0,1.0,1,1
884,2,1.0,1.0,1,1
885,0,0.0,1.0,1,1
885,1,0.0,1.0,1,1
885,2,0.0,1.0,0,0
886,0,0.0,0.0,0,0
886,1,0.0,0.0,0,0
886,2,0.0,0.0,0,0
887,0,1.0,1.0,1,1
887,1,1.0,1.0,0,0
887,2,1.0,1.0,2,1
888,0,0.0,2.0,1,1
888,1,0.0,2.0,1,1
888,2,0.0,2.0,1,0
889,0,1.0,0.0,1,0
889,1,1.0,0.0,1,0
889,2,1.0,0.0,1,0
890,0,0.0,0.0,0,0
890,1,0.0,0.0,0,0
890,2,0.0,0.0,0,0
891,0,0.0,1.0,0,0
891,1,0.0,1.0,0,0
891,2,0.0,1.0,1,1
892,0,2.0,2.0,2,1
892,1,2.0,2.0,2,0
892,2,2.0,2.0,2,1
893,0,0.0,0.0,0,0
893,1,0.0,0.0,0,0
893,2,0.0,0.0,0,0
894,0,2.0,0.0,1,1
894,1,2.0,0.0,1,1
894,2,2.0,0.0,1,0
895,0,1.0,2.0,1,1
895,1,1.0,2.0,1,1
895,2,1.0,2.0,1,1
896,0,2.0,0.0,1,1
896,1,2.0,0.0,1,0
896,2,2.0,0.0,1,1
897,0,0.0,2.0,1,1
897,1,0.0,2.0,1,1
897,2,0.0,2.0,1,1
898,0,0.0,1.0,1,1
898,1,0.0,1.0,1,1
898,2,0.0,1.0,0,1
899,0,1.0,0.0,1,1
899,1,1.0,0.0,1,1
899,2,1.0,0.0,0,0
900,0,0.0,0.0,0,0
900,1,0.0,0.0,0,0
900,2,0.0,0.0,0,0
901,0,1.0,0.0,1,0
901,1,1.0,0.0,0,0
901,2,1.0,0.0,1,1
902,0,0.0,0.0,0,0
902,1,0.0,0.0,0,0
902,2,0.0,0.0,0,1
903,0,1.0,2.0,2,1
903,1,1.0,2.0,1,1
903,2,1.0,2.0,1,1
904,0,1.0,0.0,1,1
904,1,1.0,0.0,1,1
904,2,1.0,0.0,1,1
905,0,0.0,2.0,1,1
905,1,0.0,2.0,1,1
905,2,0.0,2.0,1,0
906,0,1.0,1.0,1,1
906,1,1.0,1.0,2,1
906,2,1.0,1.0,0,0
907,0,1.0,0.0,0,0
907,1,1.0,0.0,0,0
907,2,1.0,0.0,1,1
908,0,0.0,1.0,0,0
908,1,0.0,1.0,1,0
908,2,0.0,1.0,1,1
909,0,0.0,0.0,0,0
909,1,0.0,0.0,0,0
909,2,0.0,0.0,0,0
910,0,1.0,2.0,1,1
910,1,1.0,2.0,1,1
910,2,1.0,2.0,1,1
911,0,0.0,1.0,0,0
911,1,0.0,1.0,1,1
911,2,0.0,1.0,1,1
912,0,2.0,0.0,1,1
912,1,2.0,0.0,1,1
912,2,2.0,0.0,1,1
913,0,1.0,1.0,1,1
913,1,1.0,1.0,1,0
913,2,1.0,1.0,1,1
914,0,2.0,1.0,2,1
914,1,2.0,1.0,2,1
914,2,2.0,1.0,2,1
915,0,1.0,1.0,2,1
915,1,1.0,1.0,2,0
915,2,1.0,1.0,1,1
916,0,1.0,1.0,0,0
916,1,1.0,1.0,2,1
916,2,1.0,1.0,2,0
917,0,0.0,1.0,1,1
917,1,0.0,1.0,0,0
917,2,0.0,1.0,1,1
918,0,1.0,2.0,1,0
918,1,1.0,2.0,1,1
918,2,1.0,2.0,2,1
919,0,1.0,1.0,1,1
919,1,1.0,1.0,2,0
919,2,1.0,1.0,1,0
920,0,1.0,2.0,2,0
920,1,1.0,2.0,1,1
920,2,1.0,2.0,1,1
921,0,1.0,1.0,0,0
921,1,1.0,1.0,0,0
921,2,1.0,1.0,1,1
922,0,1.0,2.0,2,1
922,1,1.0,2.0,1,1
922,2,1.0,2.0,2,1
923,0,1.0,1.0,2,1
923,1,1.0,1.0,2,1
923,2,1.0,1.0,1,1
924,0,0.0,1.0,1,1
924,1,0.0,1.0,1,1
924,2,0.0,1.0,0,0
925,0,0.0,0.0,0,0
925,1,0.0,0.0,0,0
925,2,0.0,0.0,0,0
926,0,1.0,0.0,0,0
926,1,1.0,0.0,0,0
926,2,1.0,0.0,1,1
927,0,2.0,2.0,2,1
927,1,2.0,2.0,2,1
927,2,2.0,2.0,2,1
928,0,1.0,0.0,0,0
928,1,1.0,0.0,1,1
928,2,1.0,0.0,0,0
929,0,1.0,1.0,1,1
929,1,1.0,1.0,1,1
929,2,1.0,1.0,1,1
930,0,1.0,1.0,1,1
930,1,1.0,1.0,1,0
930,2,1.0,1.0,1,0
931,0,1.0,0.0,0,1
931,1,1.0,0.0,1,1
931,2,1.0,0.0,1,1
932,0,1.0,2.0,1,0
932,1,1.0,2.0,1,1
932,2,1.0,2.0,1,1
933,0,1.0,0.0,1,1
933,1,1.0,0.0,0,0
933,2,1.0,0.0,0,0
934,0,2.0,1.0,2,1
934,1,2.0,1.0,1,1
934,2,2.0,1.0,1,0
935,0,0.0,0.0,0,0
935,1,0.0,0.0,0,0
935,2,0.0,0.0,0,0
936,0,0.0,1.0,1,1
936,1,0.0,1.0,0,1
936,2,0.0,1.0,1,1
937,0,1.0,1.0,1,1
937,1,1.0,1.0,2,1
937,2,1.0,1.0,1,1
938,0,0.0,0.0,0,0
938,1,0.0,0.0,0,0
938,2,0.0,0.0,0,0
939,0,2.0,0.0,1,1
939,1,2.0,0.0,1,1
939,2,2.0,0.0,1,1
940,0,0.0,1.0,0,0
940,1,0.0,1.0,1,1
940,2,0.0,1.0,1,1
941,0,1.0,1.0,1,1
941,1,1.0,1.0,0,0
941,2,1.0,1.0,0,0
942,0,0.0,1.0,1,1
942,1,0.0,1.0,0,0
942,2,0.0,1.0,0,0
943,0,0.0,1.0,0,0
943,1,0.0,1.0,0,0
943,2,0.0,1.0,0,0
944,0,0.0,2.0,1,1
944,1,0.0,2.0,1,1
944,2,0.0,2.0,1,1
945,0,1.0,0.0,1,1
945,1,1.0,0.0,1,1
945,2,1.0,0.0,1,1
946,0,0.0,0.0,0,0
946,1,0.0,0.0,0,0
946,2,0.0,0.0,0,0
947,0,1.0,2.0,1,1
947,1,1.0,2.0,1,1
947,2,1.0,2.0,1,1
948,0,1.0,1.0,2,1
948,1,1.0,1.0,2,1
948,2,1.0,1.0,2,1
949,0,1.0,2.0,1,1
949,1,1.0,2.0,1,1
949,2,1.0,2.0,1,1
950,0,1.0,1.0,2,1
950,1,1.0,1.0,0,0
950,2,1.0,1.0,2,1
951,0,0.0,0.0,0,0
951,1,0.0,0.0,0,0
951,2,0.0,0.0,0,0
952,0,0.0,1.0,0,0
952,1,0.0,1.0,0,0
952,2,0.0,1.0,0,0
953,0,1.0,2.0,1,1
953,1,1.0,2.0,2,1
953,2,1.0,2.0,1,1
954,0,1.0,0.0,0,0
954,1,1.0,0.0,0,1
954,2,1.0,0.0,0,0
955,0,1.0,2.0,1,1
955,1,1.0,2.0,2,1
955,2,1.0,2.0,2,0
956,0,0.0,1.0,1,1
956,1,0.0,1.0,1,1
956,2,0.0,1.0,1,0
957,0,1.0,1.0,1,0
957,1,1.0,1.0,0,0
957,2,1.0,1.0,1,1
958,0,0.0,0.0,0,0
958,1,0.0,0.0,0,0
958,2,0.0,0.0,0,0
959,0,1.0,1.0,2,0
959,1,1.0,1.0,1,1
959,2,1.0,1.0,1,1
960,0,0.0,2.0,1,1
960,1,0.0,2.0,1,0
960,2,0.0,2.0,1,1
961,0,0.0,2.0,1,1
961,1,0.0,2.0,1,1
961,2,0.0,2.0,1,1
962,0,1.0,2.0,2,1
962,1,1.0,2.0,1,1
962,2,1.0,2.0,2,1
963,0,0.0,0.0,0,0
963,1,0.0,0.0,0,0
963,2,0.0,0.0,0,0
964,0,0.0,0.0,0,0
964,1,0.0,0.0,0,0
964,2,0.0,0.0,0,0
965,0,0.0,0.0,0,1
965,1,0.0,0.0,0,0
965,2,0.0,0.0,0,0
966,0,0.0,2.0,1,1
966,1,0.0,2.0,1,1
966,2,0.0,2.0,1,1
967,0,0.0,1.0,1,1
967,1,0.0,1.0,0,0
967,2,0.0,1.0,0,1
968,0,1.0,0.0,1,1
968,1,1.0,0.0,1,1
968,2,1.0,0.0,1,0
969,0,1.0,2.0,1,0
969,1,1.0,2.0,2,1
969,2,1.0,2.0,2,1
970,0,0.0,0.0,0,0
970,1,0.0,0.0,0,0
970,2,0.0,0.0,0,0
971,0,0.0,1.0,1,1
971,1,0.0,1.0,1,1
971,2,0.0,1.0,1,1
972,0,1.0,1.0,1,1
972,1,1.0,1.0,1,0
972,2,1.0,1.0,2,1
973,0,1.0,2.0,1,0
973,1,1.0,2.0,2,1
973,2,1.0,2.0,2,1
974,0,2.0,0.0,1,1
974,1,2.0,0.0,1,1
974,2,2.0,0.0,1,1
975,0,2.0,0.0,1,1
975,1,2.0,0.0,1,1
975,2,2.0,0.0,1,1
976,0,1.0,0.0,1,0
976,1,1.0,0.0,1,1
976,2,1.0,0.0,1,1
977,0,1.0,1.0,1,1
977,1,1.0,1.0,1,1
977,2,1.0,1.0,1,1
978,0,0.0,0.0,0,0
978,1,0.0,0.0,0,0
978,2,0.0,0.0,0,0
979,0,0.0,1.0,0,0
979,1,0.0,1.0,0,0
979,2,0.0,1.0,0,0
980,0,1.0,1.0,2,1
980,1,1.0,1.0,0,0
980,2,1.0,1.0,2,1
981,0,2.0,1.0,1,0
981,1,2.0,1.0,2,1
981,2,2.0,1.0,2,1
982,0,0.0,1.0,1,0
982,1,0.0,1.0,1,1
982,2,0.0,1.0,0,0
983,0,1.0,0.0,0,0
983,1,1.0,0.0,0,0
983,2,1.0,0.0,0,0
984,0,2.0,1.0,2,1
984,1,2.0,1.0,2,0
984,2,2.0,1.0,1,1
985,0,1.0,1.0,1,1
985,1,1.0,1.0,1,1
985,2,1.0,1.0,1,1
986,0,1.0,1.0,1,1
986,1,1.0,1.0,0,0
986,2,1.0,1.0,1,1
987,0,2.0,2.0,2,1
987,1,2.0,2.0,2,1
987,2,2.0,2.0,2,1
988,0,2.0,1.0,1,0
988,1,2.0,1.0,2,1
988,2,2.0,1.0,2,1
989,0,1.0,0.0,1,1
989,1,1.0,0.0,1,1
989,2,1.0,0.0,0,0
990,0,1.0,1.0,2,1
990,1,1.0,1.0,2,1
990,2,1.0,1.0,1,1
991,0,2.0,0.0,1,1
991,1,2.0,0.0,1,0
991,2,2.0,0.0,1,1
992,0,1.0,0.0,0,0
992,1,1.0,0.0,1,1
992,2,1.0,0.0,1,1
993,0,0.0,2.0,1,0
993,1,0.0,2.0,1,1
993,2,0.0,2.0,1,1
994,0,1.0,1.0,2,1
994,1,1.0,1.0,1,1
994,2,1.0,1.0,1,1
995,0,0.0,0.0,0,1
995,1,0.0,0.0,0,0
995,2,0.0,0.0,0,0
996,0,0.0,0.0,0,0
996,1,0.0,0.0,0,0
996,2,0.0,0.0,0,0
997,0,0.0,2.0,1,1
997,1,0.0,2.0,1,1
997,2,0.0,2.0,1,1
998,0,0.0,1.0,0,0
998,1,0.0,1.0,1,1
998,2,0.0,1.0,0,0
999,0,0.0,0.0,0,0
999,1,0.0,0.0,0,0
999,2,0.0,0.0,0,0
