id,generation,founder,dosage
0,0,1,8437
1,0,1,8369
2,0,1,8504
3,0,1,8430
4,0,1,8545
5,0,1,8587
6,0,1,8501
7,0,1,8505
8,0,1,8447
9,0,1,8396
10,0,1,8391
11,0,1,8531
12,0,1,8265
13,0,1,8457
14,0,1,8378
15,0,1,8530
16,0,1,8564
17,0,1,8417
18,0,1,8629
19,0,1,8377
20,0,1,8541
21,0,1,8448
22,0,1,8279
23,0,1,8477
24,0,1,8462
25,0,1,8402
26,0,1,8508
27,0,1,8558
28,0,1,8435
29,0,1,8377
30,0,1,8557
31,0,1,8434
32,0,1,8492
33,0,1,8452
34,0,1,8425
35,0,1,8456
36,0,1,8423
37,0,1,8566
38,0,1,8495
39,0,1,8567
40,0,1,8404
41,0,1,8442
42,0,1,8429
43,0,1,8398
44,0,1,8464
45,0,1,8413
46,0,1,8472
47,0,1,8546
48,0,1,8461
49,0,1,8468
50,0,1,8413
51,0,1,8627
52,0,1,8542
53,0,1,8411
54,0,1,8471
55,0,1,8375
56,0,1,8398
57,0,1,8455
58,0,1,8400
59,0,1,8439
60,0,1,8546
61,0,1,8649
62,0,1,8410
63,0,1,8505
64,0,1,8489
65,0,1,8414
66,0,1,8441
67,0,1,8518
68,0,1,8360
69,0,1,8445
70,0,1,8319
71,0,1,8430
72,0,1,8643
73,0,1,8594
74,0,1,8515
75,0,1,8590
76,0,1,8499
77,0,1,8506
78,0,1,8400
79,0,1,8463
80,0,1,8361
81,0,1,8439
82,0,1,8547
83,0,1,8357
84,0,1,8438
85,0,1,8363
86,0,1,8410
87,0,1,8538
88,0,1,8440
89,0,1,8432
90,0,1,8584
91,0,1,8554
92,0,1,8360
93,0,1,8359
94,0,1,8556
95,0,1,8491
96,0,1,8548
97,0,1,8521
98,0,1,8461
99,0,1,8341
100,0,1,8538
101,0,1,8380
102,0,1,8495
103,0,1,8454
104,0,1,8577
105,0,1,8531
106,0,1,8442
107,0,1,8536
108,0,1,8602
109,0,1,8514
110,0,1,8417
111,0,1,8427
112,0,1,8559
113,0,1,8436
114,0,1,8473
115,0,1,8418
116,0,1,8490
117,0,1,8390
118,0,1,8529
119,0,1,8400
120,0,1,8441
121,0,1,8531
122,0,1,8450
123,0,1,8474
124,0,1,8522
125,0,1,8537
126,0,1,8416
127,0,1,8354
128,0,1,8503
129,0,1,8330
130,0,1,8538
131,0,1,8406
132,0,1,8568
133,0,1,8552
134,0,1,8410
135,0,1,8468
136,0,1,8389
137,0,1,8458
138,0,1,8459
139,0,1,8523
140,0,1,8530
141,0,1,8410
142,0,1,8466
143,0,1,8483
144,0,1,8442
145,0,1,8450
146,0,1,8566
147,0,1,8428
148,0,1,8379
149,0,1,8457
150,0,1,8453
151,0,1,8387
152,0,1,8415
153,0,1,8354
154,0,1,8463
155,0,1,8538
156,0,1,8465
157,0,1,8443
158,0,1,8497
159,0,1,8558
160,0,1,8396
161,0,1,8448
162,0,1,8355
163,0,1,8513
164,0,1,8500
165,0,1,8487
166,0,1,8421
167,0,1,8479
168,0,1,8486
169,0,1,8453
170,0,1,8449
171,0,1,8357
172,0,1,8453
173,0,1,8607
174,0,1,8410
175,0,1,8413
176,0,1,8559
177,0,1,8474
178,0,1,8610
179,0,1,8398
180,0,1,8366
181,0,1,8539
182,0,1,8542
183,0,1,8435
184,0,1,8445
185,0,1,8597
186,0,1,8418
187,0,1,8452
188,0,1,8499
189,0,1,8459
190,0,1,8483
191,0,1,8520
192,0,1,8397
193,0,1,8380
194,0,1,8422
195,0,1,8413
196,0,1,8452
197,0,1,8412
198,0,1,8446
199,0,1,8450
200,0,1,8438
201,0,1,8404
202,0,1,8498
203,0,1,8442
204,0,1,8480
205,0,1,8443
206,0,1,8464
207,0,1,8504
208,0,1,8516
209,0,1,8563
210,0,1,8453
211,0,1,8387
212,0,1,8454
213,0,1,8425
214,0,1,8630
215,0,1,8376
216,0,1,8383
217,0,1,8417
218,0,1,8413
219,0,1,8512
220,0,1,8519
221,0,1,8480
222,0,1,8434
223,0,1,8498
224,0,1,8509
225,0,1,8500
226,0,1,8577
227,0,1,8527
228,0,1,8558
229,0,1,8500
230,0,1,8362
231,0,1,8441
232,0,1,8452
233,0,1,8441
234,0,1,8368
235,0,1,8304
236,0,1,8432
237,0,1,8598
238,0,1,8549
239,0,1,8531
240,0,1,8371
241,0,1,8461
242,0,1,8495
243,0,1,8540
244,0,1,8498
245,0,1,8388
246,0,1,8521
247,0,1,8464
248,0,1,8411
249,0,1,8475
250,0,1,8451
251,0,1,8415
252,0,1,8478
253,0,1,8461
254,0,1,8557
255,0,1,8505
256,0,1,8551
257,0,1,8455
258,0,1,8388
259,0,1,8303
260,0,1,8342
261,0,1,8404
262,0,1,8509
263,0,1,8443
264,0,1,8443
265,0,1,8431
266,0,1,8469
267,0,1,8448
268,0,1,8418
269,0,1,8349
270,0,1,8415
271,0,1,8376
272,0,1,8512
273,0,1,8506
274,0,1,8384
275,0,1,8503
276,0,1,8557
277,0,1,8437
278,0,1,8433
279,0,1,8552
280,0,1,8513
281,0,1,8533
282,0,1,8494
283,0,1,8466
284,0,1,8542
285,0,1,8405
286,0,1,8635
287,0,1,8340
288,0,1,8446
289,0,1,8337
290,0,1,8452
291,0,1,8502
292,0,1,8398
293,0,1,8570
294,0,1,8559
295,0,1,8503
296,0,1,8413
297,0,1,8424
298,0,1,8494
299,0,1,8473
300,0,1,8453
301,0,1,8467
302,0,1,8492
303,0,1,8547
304,0,1,8445
305,0,1,8280
306,0,1,8422
307,0,1,8524
308,0,1,8513
309,0,1,8389
310,0,1,8459
311,0,1,8497
312,0,1,8628
313,0,1,8453
314,0,1,8485
315,0,1,8401
316,0,1,8408
317,0,1,8455
318,0,1,8498
319,0,1,8479
320,0,1,8418
321,0,1,8444
322,0,1,8483
323,0,1,8442
324,0,1,8395
325,0,1,8455
326,0,1,8471
327,0,1,8564
328,0,1,8509
329,0,1,8447
330,0,1,8424
331,0,1,8444
332,0,1,8517
333,0,1,8458
334,0,1,8372
335,0,1,8422
336,0,1,8491
337,0,1,8474
338,0,1,8583
339,0,1,8491
340,0,1,8472
341,0,1,8541
342,0,1,8412
343,0,1,8447
344,0,1,8401
345,0,1,8368
346,0,1,8407
347,0,1,8440
348,0,1,8416
349,0,1,8517
350,0,1,8506
351,0,1,8395
352,0,1,8406
353,0,1,8511
354,0,1,8489
355,0,1,8398
356,0,1,8369
357,0,1,8454
358,0,1,8652
359,0,1,8432
360,0,1,8404
361,0,1,8467
362,0,1,8476
363,0,1,8427
364,0,1,8545
365,0,1,8527
366,0,1,8398
367,0,1,8463
368,0,1,8577
369,0,1,8436
370,0,1,8447
371,0,1,8446
372,0,1,8404
373,0,1,8409
374,0,1,8571
375,0,1,8402
376,0,1,8439
377,0,1,8510
378,0,1,8486
379,0,1,8422
380,0,1,8448
381,0,1,8393
382,0,1,8399
383,0,1,8486
384,0,1,8470
385,0,1,8509
386,0,1,8481
387,0,1,8569
388,0,1,8578
389,0,1,8488
390,0,1,8551
391,0,1,8375
392,0,1,8468
393,0,1,8643
394,0,1,8383
395,0,1,8559
396,0,1,8379
397,0,1,8336
398,0,1,8565
399,0,1,8378
400,0,1,8434
401,0,1,8461
402,0,1,8355
403,0,1,8330
404,0,1,8396
405,0,1,8459
406,0,1,8506
407,0,1,8436
408,0,1,8484
409,0,1,8458
410,0,1,8322
411,0,1,8568
412,0,1,8436
413,0,1,8403
414,0,1,8298
415,0,1,8388
416,0,1,8454
417,0,1,8535
418,0,1,8422
419,0,1,8308
420,0,1,8446
421,0,1,8528
422,0,1,8534
423,0,1,8480
424,0,1,8448
425,0,1,8445
426,0,1,8425
427,0,1,8337
428,0,1,8492
429,0,1,8423
430,0,1,8402
431,0,1,8320
432,0,1,8483
433,0,1,8426
434,0,1,8516
435,0,1,8581
436,0,1,8622
437,0,1,8460
438,0,1,8519
439,0,1,8380
440,0,1,8444
441,0,1,8425
442,0,1,8386
443,0,1,8393
444,0,1,8461
445,0,1,8462
446,0,1,8460
447,0,1,8289
448,0,1,8519
449,0,1,8427
450,0,1,8450
451,0,1,8475
452,0,1,8507
453,0,1,8334
454,0,1,8414
455,0,1,8606
456,0,1,8457
457,0,1,8485
458,0,1,8453
459,0,1,8422
460,0,1,8457
461,0,1,8566
462,0,1,8471
463,0,1,8460
464,0,1,8533
465,0,1,8538
466,0,1,8514
467,0,1,8367
468,0,1,8401
469,0,1,8430
470,0,1,8425
471,0,1,8401
472,0,1,8475
473,0,1,8551
474,0,1,8536
475,0,1,8493
476,0,1,8531
477,0,1,8429
478,0,1,8353
479,0,1,8480
480,0,1,8505
481,0,1,8483
482,0,1,8385
483,0,1,8429
484,0,1,8452
485,0,1,8423
486,0,1,8410
487,0,1,8475
488,0,1,8452
489,0,1,8311
490,0,1,8448
491,0,1,8464
492,0,1,8392
493,0,1,8333
494,0,1,8442
495,0,1,8469
496,0,1,8392
497,0,1,8479
498,0,1,8557
499,0,1,8391
500,1,0,8296
501,1,0,8346
502,1,0,8383
503,1,0,8484
504,1,0,8624
505,1,0,8538
506,1,0,8530
507,1,0,8547
508,1,0,8392
509,1,0,8371
510,1,0,8451
511,1,0,8440
512,1,0,8320
513,1,0,8304
514,1,0,8394
515,1,0,8432
516,1,0,8359
517,1,0,8440
518,1,0,8436
519,1,0,8442
520,1,0,8386
521,1,0,8563
522,1,0,8453
523,1,0,8293
524,1,0,8427
525,1,0,8446
526,1,0,8503
527,1,0,8535
528,1,0,8340
529,1,0,8283
530,1,0,8411
531,1,0,8498
532,1,0,8491
533,1,0,8438
534,1,0,8471
535,1,0,8461
536,1,0,8464
537,1,0,8475
538,1,0,8455
539,1,0,8503
540,1,0,8433
541,1,0,8369
542,1,0,8406
543,1,0,8395
544,1,0,8403
545,1,0,8398
546,1,0,8448
547,1,0,8489
548,1,0,8394
549,1,0,8453
550,1,0,8461
551,1,0,8508
552,1,0,8453
553,1,0,8427
554,1,0,8382
555,1,0,8385
556,1,0,8347
557,1,0,8429
558,1,0,8311
559,1,0,8368
560,1,0,8552
561,1,0,8547
562,1,0,8464
563,1,0,8342
564,1,0,8413
565,1,0,8432
566,1,0,8454
567,1,0,8312
568,1,0,8334
569,1,0,8367
570,1,0,8379
571,1,0,8283
572,1,0,8650
573,1,0,8596
574,1,0,8644
575,1,0,8528
576,1,0,8533
577,1,0,8484
578,1,0,8398
579,1,0,8461
580,1,0,8434
581,1,0,8324
582,1,0,8399
583,1,0,8404
584,1,0,8300
585,1,0,8344
586,1,0,8438
587,1,0,8434
588,1,0,8337
589,1,0,8415
590,1,0,8547
591,1,0,8537
592,1,0,8326
593,1,0,8334
594,1,0,8516
595,1,0,8497
596,1,0,8475
597,1,0,8525
598,1,0,8421
599,1,0,8343
600,1,0,8363
601,1,0,8417
602,1,0,8437
603,1,0,8411
604,1,0,8490
605,1,0,8643
606,1,0,8445
607,1,0,8422
608,1,0,8466
609,1,0,8552
610,1,0,8433
611,1,0,8432
612,1,0,8405
613,1,0,8426
614,1,0,8405
615,1,0,8368
616,1,0,8364
617,1,0,8425
618,1,0,8430
619,1,0,8374
620,1,0,8507
621,1,0,8442
622,1,0,8386
623,1,0,8442
624,1,0,8558
625,1,0,8517
626,1,0,8338
627,1,0,8374
628,1,0,8386
629,1,0,8283
630,1,0,8411
631,1,0,8461
632,1,0,8452
633,1,0,8495
634,1,0,8481
635,1,0,8409
636,1,0,8361
637,1,0,8383
638,1,0,8538
639,1,0,8424
640,1,0,8448
641,1,0,8474
642,1,0,8427
643,1,0,8373
644,1,0,8386
645,1,0,8435
646,1,0,8456
647,1,0,8536
648,1,0,8399
649,1,0,8405
650,1,0,8429
651,1,0,8392
652,1,0,8444
653,1,0,8408
654,1,0,8477
655,1,0,8517
656,1,0,8460
657,1,0,8403
658,1,0,8422
659,1,0,8484
660,1,0,8386
661,1,0,8422
662,1,0,8436
663,1,0,8390
664,1,0,8474
665,1,0,8445
666,1,0,8417
667,1,0,8411
668,1,0,8384
669,1,0,8398
670,1,0,8309
671,1,0,8330
672,1,0,8514
673,1,0,8479
674,1,0,8429
675,1,0,8374
676,1,0,8497
677,1,0,8480
678,1,0,8458
679,1,0,8481
680,1,0,8489
681,1,0,8413
682,1,0,8477
683,1,0,8419
684,1,0,8668
685,1,0,8498
686,1,0,8409
687,1,0,8404
688,1,0,8536
689,1,0,8412
690,1,0,8384
691,1,0,8365
692,1,0,8280
693,1,0,8387
694,1,0,8392
695,1,0,8339
696,1,0,8476
697,1,0,8410
698,1,0,8413
699,1,0,8399
700,1,0,8379
701,1,0,8368
702,1,0,8499
703,1,0,8399
704,1,0,8427
705,1,0,8439
706,1,0,8501
707,1,0,8464
708,1,0,8535
709,1,0,8461
710,1,0,8383
711,1,0,8373
712,1,0,8438
713,1,0,8383
714,1,0,8401
715,1,0,8574
716,1,0,8332
717,1,0,8389
718,1,0,8457
719,1,0,8438
720,1,0,8498
721,1,0,8528
722,1,0,8423
723,1,0,8434
724,1,0,8501
725,1,0,8459
726,1,0,8499
727,1,0,8645
728,1,0,8434
729,1,0,8515
730,1,0,8386
731,1,0,8336
732,1,0,8407
733,1,0,8371
734,1,0,8263
735,1,0,8312
736,1,0,8478
737,1,0,8530
738,1,0,8533
739,1,0,8476
740,1,0,8374
741,1,0,8402
742,1,0,8500
743,1,0,8538
744,1,0,8412
745,1,0,8345
746,1,0,8459
747,1,0,8541
748,1,0,8381
749,1,0,8414
750,1,0,8370
751,1,0,8418
752,1,0,8423
753,1,0,8390
754,1,0,8450
755,1,0,8443
756,1,0,8502
757,1,0,8518
758,1,0,8352
759,1,0,8341
760,1,0,8323
761,1,0,8331
762,1,0,8412
763,1,0,8471
764,1,0,8387
765,1,0,8426
766,1,0,8409
767,1,0,8454
768,1,0,8336
769,1,0,8391
770,1,0,8329
771,1,0,8353
772,1,0,8506
773,1,0,8514
774,1,0,8441
775,1,0,8457
776,1,0,8458
777,1,0,8375
778,1,0,8345
779,1,0,8386
780,1,0,8468
781,1,0,8646
782,1,0,8449
783,1,0,8403
784,1,0,8455
785,1,0,8471
786,1,0,8453
787,1,0,8471
788,1,0,8389
789,1,0,8429
790,1,0,8487
791,1,0,8488
792,1,0,8475
793,1,0,8465
794,1,0,8445
795,1,0,8531
796,1,0,8418
797,1,0,8414
798,1,0,8511
799,1,0,8399
800,1,0,8418
801,1,0,8414
802,1,0,8556
803,1,0,8463
804,1,0,8343
805,1,0,8352
806,1,0,8430
807,1,0,8403
808,1,0,8457
809,1,0,8381
810,1,0,8446
811,1,0,8533
812,1,0,8555
813,1,0,8530
814,1,0,8384
815,1,0,8367
816,1,0,8432
817,1,0,8382
818,1,0,8509
819,1,0,8463
820,1,0,8333
821,1,0,8357
822,1,0,8402
823,1,0,8461
824,1,0,8328
825,1,0,8334
826,1,0,8380
827,1,0,8335
828,1,0,8371
829,1,0,8454
830,1,0,8378
831,1,0,8355
832,1,0,8519
833,1,0,8471
834,1,0,8366
835,1,0,8371
836,1,0,8425
837,1,0,8473
838,1,0,8539
839,1,0,8546
840,1,0,8535
841,1,0,8358
842,1,0,8437
843,1,0,8363
844,1,0,8384
845,1,0,8300
846,1,0,8325
847,1,0,8425
848,1,0,8382
849,1,0,8377
850,1,0,8439
851,1,0,8392
852,1,0,8457
853,1,0,8406
854,1,0,8420
855,1,0,8400
856,1,0,8312
857,1,0,8404
858,1,0,8496
859,1,0,8458
860,1,0,8468
861,1,0,8468
862,1,0,8408
863,1,0,8478
864,1,0,8463
865,1,0,8505
866,1,0,8413
867,1,0,8337
868,1,0,8489
869,1,0,8541
870,1,0,8390
871,1,0,8449
872,1,0,8354
873,1,0,8342
874,1,0,8481
875,1,0,8408
876,1,0,8565
877,1,0,8486
878,1,0,8440
879,1,0,8468
880,1,0,8365
881,1,0,8427
882,1,0,8386
883,1,0,8394
884,1,0,8494
885,1,0,8480
886,1,0,8563
887,1,0,8536
888,1,0,8429
889,1,0,8487
890,1,0,8448
891,1,0,8495
892,1,0,8558
893,1,0,8496
894,1,0,8465
895,1,0,8408
896,1,0,8256
897,1,0,8303
898,1,0,8437
899,1,0,8460
900,1,0,8418
901,1,0,8363
902,1,0,8313
903,1,0,8263
904,1,0,8434
905,1,0,8393
906,1,0,8455
907,1,0,8455
908,1,0,8344
909,1,0,8433
910,1,0,8447
911,1,0,8387
912,1,0,8387
913,1,0,8398
914,1,0,8285
915,1,0,8331
916,1,0,8414
917,1,0,8462
918,1,0,8283
919,1,0,8386
920,1,0,8465
921,1,0,8543
922,1,0,8430
923,1,0,8410
924,1,0,8518
925,1,0,8411
926,1,0,8279
927,1,0,8333
928,1,0,8466
929,1,0,8442
930,1,0,8342
931,1,0,8383
932,1,0,8395
933,1,0,8416
934,1,0,8575
935,1,0,8521
936,1,0,8524
937,1,0,8615
938,1,0,8393
939,1,0,8397
940,1,0,8469
941,1,0,8421
942,1,0,8418
943,1,0,8382
944,1,0,8393
945,1,0,8426
946,1,0,8425
947,1,0,8316
948,1,0,8338
949,1,0,8493
950,1,0,8389
951,1,0,8376
952,1,0,8402
953,1,0,8352
954,1,0,8489
955,1,0,8426
956,1,0,8452
957,1,0,8435
958,1,0,8427
959,1,0,8411
960,1,0,8401
961,1,0,8447
962,1,0,8433
963,1,0,8401
964,1,0,8499
965,1,0,8450
966,1,0,8406
967,1,0,8394
968,1,0,8446
969,1,0,8371
970,1,0,8391
971,1,0,8391
972,1,0,8453
973,1,0,8422
974,1,0,8524
975,1,0,8500
976,1,0,8474
977,1,0,8388
978,1,0,8362
979,1,0,8369
980,1,0,8496
981,1,0,8496
982,1,0,8385
983,1,0,8341
984,1,0,8395
985,1,0,8389
986,1,0,8324
987,1,0,8408
988,1,0,8298
989,1,0,8417
990,1,0,8411
991,1,0,8481
992,1,0,8379
993,1,0,8332
994,1,0,8412
995,1,0,8441
996,1,0,8508
997,1,0,8414
998,1,0,8492
999,1,0,8401
1000,2,0,8316
1001,2,0,8260
1002,2,0,8352
1003,2,0,8413
1004,2,0,8600
1005,2,0,8581
1006,2,0,8484
1007,2,0,8565
1008,2,0,8311
1009,2,0,8356
1010,2,0,8410
1011,2,0,8442
1012,2,0,8318
1013,2,0,8247
1014,2,0,8522
1015,2,0,8488
1016,2,0,8432
1017,2,0,8387
1018,2,0,8503
1019,2,0,8412
1020,2,0,8473
1021,2,0,8410
1022,2,0,8407
1023,2,0,8244
1024,2,0,8439
1025,2,0,8444
1026,2,0,8515
1027,2,0,8511
1028,2,0,8344
1029,2,0,8319
1030,2,0,8448
1031,2,0,8456
1032,2,0,8508
1033,2,0,8509
1034,2,0,8548
1035,2,0,8473
1036,2,0,8422
1037,2,0,8377
1038,2,0,8483
1039,2,0,8538
1040,2,0,8465
1041,2,0,8452
1042,2,0,8416
1043,2,0,8348
1044,2,0,8373
1045,2,0,8386
1046,2,0,8534
1047,2,0,8499
1048,2,0,8332
1049,2,0,8404
1050,2,0,8463
1051,2,0,8436
1052,2,0,8377
1053,2,0,8442
1054,2,0,8383
1055,2,0,8406
1056,2,0,8418
1057,2,0,8429
1058,2,0,8318
1059,2,0,8298
1060,2,0,8591
1061,2,0,8533
1062,2,0,8416
1063,2,0,8492
1064,2,0,8393
1065,2,0,8358
1066,2,0,8364
1067,2,0,8462
1068,2,0,8343
1069,2,0,8315
1070,2,0,8292
1071,2,0,8278
1072,2,0,8662
1073,2,0,8627
1074,2,0,8616
1075,2,0,8584
1076,2,0,8537
1077,2,0,8484
1078,2,0,8435
1079,2,0,8475
1080,2,0,8411
1081,2,0,8445
1082,2,0,8334
1083,2,0,8346
1084,2,0,8295
1085,2,0,8283
1086,2,0,8461
1087,2,0,8359
1088,2,0,8372
1089,2,0,8394
1090,2,0,8621
1091,2,0,8668
1092,2,0,8338
1093,2,0,8384
1094,2,0,8448
1095,2,0,8458
1096,2,0,8528
1097,2,0,8482
1098,2,0,8413
1099,2,0,8405
1100,2,0,8476
1101,2,0,8392
1102,2,0,8462
1103,2,0,8373
1104,2,0,8648
1105,2,0,8545
1106,2,0,8461
1107,2,0,8453
1108,2,0,8538
1109,2,0,8504
1110,2,0,8460
1111,2,0,8413
1112,2,0,8431
1113,2,0,8393
1114,2,0,8409
1115,2,0,8413
1116,2,0,8487
1117,2,0,8399
1118,2,0,8338
1119,2,0,8427
1120,2,0,8449
1121,2,0,8470
1122,2,0,8431
1123,2,0,8418
1124,2,0,8467
1125,2,0,8534
1126,2,0,8354
1127,2,0,8255
1128,2,0,8346
1129,2,0,8340
1130,2,0,8485
1131,2,0,8428
1132,2,0,8404
1133,2,0,8473
1134,2,0,8514
1135,2,0,8416
1136,2,0,8395
1137,2,0,8433
1138,2,0,8503
1139,2,0,8434
1140,2,0,8459
1141,2,0,8437
1142,2,0,8412
1143,2,0,8412
1144,2,0,8356
1145,2,0,8407
1146,2,0,8493
1147,2,0,8560
1148,2,0,8384
1149,2,0,8400
1150,2,0,8486
1151,2,0,8476
1152,2,0,8423
1153,2,0,8405
1154,2,0,8453
1155,2,0,8462
1156,2,0,8332
1157,2,0,8413
1158,2,0,8381
1159,2,0,8480
1160,2,0,8366
1161,2,0,8372
1162,2,0,8320
1163,2,0,8437
1164,2,0,8428
1165,2,0,8438
1166,2,0,8415
1167,2,0,8392
1168,2,0,8403
1169,2,0,8392
1170,2,0,8326
1171,2,0,8310
1172,2,0,8457
1173,2,0,8457
1174,2,0,8384
1175,2,0,8370
1176,2,0,8547
1177,2,0,8465
1178,2,0,8450
1179,2,0,8371
1180,2,0,8381
1181,2,0,8484
1182,2,0,8409
1183,2,0,8481
1184,2,0,8575
1185,2,0,8590
1186,2,0,8427
1187,2,0,8482
1188,2,0,8526
1189,2,0,8435
1190,2,0,8346
1191,2,0,8362
1192,2,0,8402
1193,2,0,8319
1194,2,0,8385
1195,2,0,8296
1196,2,0,8432
1197,2,0,8416
1198,2,0,8396
1199,2,0,8336
1200,2,0,8377
1201,2,0,8356
1202,2,0,8426
1203,2,0,8428
1204,2,0,8445
1205,2,0,8450
1206,2,0,8426
1207,2,0,8465
1208,2,0,8547
1209,2,0,8529
1210,2,0,8429
1211,2,0,8360
1212,2,0,8463
1213,2,0,8354
1214,2,0,8538
1215,2,0,8516
1216,2,0,8319
1217,2,0,8369
1218,2,0,8434
1219,2,0,8400
1220,2,0,8564
1221,2,0,8526
1222,2,0,8401
1223,2,0,8484
1224,2,0,8456
1225,2,0,8379
1226,2,0,8531
1227,2,0,8579
1228,2,0,8460
1229,2,0,8500
1230,2,0,8399
1231,2,0,8359
1232,2,0,8409
1233,2,0,8290
1234,2,0,8248
1235,2,0,8234
1236,2,0,8441
1237,2,0,8434
1238,2,0,8551
1239,2,0,8578
1240,2,0,8415
1241,2,0,8379
1242,2,0,8452
1243,2,0,8521
1244,2,0,8334
1245,2,0,8421
1246,2,0,8537
1247,2,0,8544
1248,2,0,8424
1249,2,0,8375
1250,2,0,8403
1251,2,0,8362
1252,2,0,8438
1253,2,0,8445
1254,2,0,8460
1255,2,0,8418
1256,2,0,8523
1257,2,0,8528
1258,2,0,8249
1259,2,0,8324
1260,2,0,8389
1261,2,0,8312
1262,2,0,8489
1263,2,0,8449
1264,2,0,8433
1265,2,0,8437
1266,2,0,8410
1267,2,0,8489
1268,2,0,8374
1269,2,0,8336
1270,2,0,8225
1271,2,0,8350
1272,2,0,8475
1273,2,0,8558
1274,2,0,8488
1275,2,0,8434
1276,2,0,8420
1277,2,0,8427
1278,2,0,8365
1279,2,0,8314
1280,2,0,8455
1281,2,0,8528
1282,2,0,8471
1283,2,0,8456
1284,2,0,8396
1285,2,0,8450
1286,2,0,8453
1287,2,0,8400
1288,2,0,8424
1289,2,0,8473
1290,2,0,8475
1291,2,0,8598
1292,2,0,8484
1293,2,0,8499
1294,2,0,8482
1295,2,0,8509
1296,2,0,8459
1297,2,0,8326
1298,2,0,8476
1299,2,0,8404
1300,2,0,8439
1301,2,0,8396
1302,2,0,8473
1303,2,0,8460
1304,2,0,8325
1305,2,0,8297
1306,2,0,8315
1307,2,0,8440
1308,2,0,8459
1309,2,0,8450
1310,2,0,8484
1311,2,0,8495
1312,2,0,8463
1313,2,0,8497
1314,2,0,8291
1315,2,0,8370
1316,2,0,8447
1317,2,0,8342
1318,2,0,8448
1319,2,0,8532
1320,2,0,8352
1321,2,0,8276
1322,2,0,8429
1323,2,0,8493
1324,2,0,8330
1325,2,0,8348
1326,2,0,8395
1327,2,0,8392
1328,2,0,8423
1329,2,0,8397
1330,2,0,8371
1331,2,0,8362
1332,2,0,8425
1333,2,0,8449
1334,2,0,8404
1335,2,0,8337
1336,2,0,8423
1337,2,0,8498
1338,2,0,8442
1339,2,0,8481
1340,2,0,8415
1341,2,0,8494
1342,2,0,8367
1343,2,0,8427
1344,2,0,8291
1345,2,0,8355
1346,2,0,8389
1347,2,0,8293
1348,2,0,8384
1349,2,0,8324
1350,2,0,8383
1351,2,0,8451
1352,2,0,8497
1353,2,0,8356
1354,2,0,8390
1355,2,0,8416
1356,2,0,8261
1357,2,0,8386
1358,2,0,8479
1359,2,0,8485
1360,2,0,8413
1361,2,0,8459
1362,2,0,8459
1363,2,0,8371
1364,2,0,8433
1365,2,0,8483
1366,2,0,8418
1367,2,0,8352
1368,2,0,8553
1369,2,0,8556
1370,2,0,8443
1371,2,0,8492
1372,2,0,8375
1373,2,0,8399
1374,2,0,8439
1375,2,0,8430
1376,2,0,8484
1377,2,0,8509
1378,2,0,8449
1379,2,0,8471
1380,2,0,8466
1381,2,0,8386
1382,2,0,8378
1383,2,0,8334
1384,2,0,8448
1385,2,0,8419
1386,2,0,8623
1387,2,0,8524
1388,2,0,8568
1389,2,0,8442
1390,2,0,8369
1391,2,0,8472
1392,2,0,8590
1393,2,0,8427
1394,2,0,8535
1395,2,0,8463
1396,2,0,8202
1397,2,0,8250
1398,2,0,8457
1399,2,0,8374
1400,2,0,8383
1401,2,0,8388
1402,2,0,8301
1403,2,0,8278
1404,2,0,8372
1405,2,0,8409
1406,2,0,8499
1407,2,0,8412
1408,2,0,8359
1409,2,0,8373
1410,2,0,8386
1411,2,0,8456
1412,2,0,8384
1413,2,0,8404
1414,2,0,8322
1415,2,0,8322
1416,2,0,8365
1417,2,0,8393
1418,2,0,8340
1419,2,0,8363
1420,2,0,8568
1421,2,0,8464
1422,2,0,8352
1423,2,0,8430
1424,2,0,8455
1425,2,0,8476
1426,2,0,8367
1427,2,0,8274
1428,2,0,8431
1429,2,0,8379
1430,2,0,8372
1431,2,0,8372
1432,2,0,8395
1433,2,0,8455
1434,2,0,8507
1435,2,0,8548
1436,2,0,8578
1437,2,0,8554
1438,2,0,8380
1439,2,0,8425
1440,2,0,8445
1441,2,0,8396
1442,2,0,8423
1443,2,0,8413
1444,2,0,8403
1445,2,0,8496
1446,2,0,8315
1447,2,0,8410
1448,2,0,8403
1449,2,0,8402
1450,2,0,8453
1451,2,0,8415
1452,2,0,8281
1453,2,0,8366
1454,2,0,8463
1455,2,0,8448
1456,2,0,8486
1457,2,0,8439
1458,2,0,8450
1459,2,0,8445
1460,2,0,8476
1461,2,0,8411
1462,2,0,8431
1463,2,0,8409
1464,2,0,8495
1465,2,0,8480
1466,2,0,8359
1467,2,0,8408
1468,2,0,8401
1469,2,0,8339
1470,2,0,8436
1471,2,0,8399
1472,2,0,8439
1473,2,0,8460
1474,2,0,8632
1475,2,0,8498
1476,2,0,8493
1477,2,0,8454
1478,2,0,8302
1479,2,0,8326
1480,2,0,8459
1481,2,0,8498
1482,2,0,8373
1483,2,0,8384
1484,2,0,8420
1485,2,0,8390
1486,2,0,8360
1487,2,0,8342
1488,2,0,8458
1489,2,0,8365
1490,2,0,8398
1491,2,0,8456
1492,2,0,8369
1493,2,0,8387
1494,2,0,8407
1495,2,0,8479
1496,2,0,8500
1497,2,0,8452
1498,2,0,8475
1499,2,0,8542
1500,3,0,8336
1501,3,0,8290
1502,3,0,8380
1503,3,0,8336
1504,3,0,8597
1505,3,0,8566
1506,3,0,8611
1507,3,0,8493
1508,3,0,8331
1509,3,0,8341
1510,3,0,8395
1511,3,0,8421
1512,3,0,8222
1513,3,0,8317
1514,3,0,8468
1515,3,0,8521
1516,3,0,8388
1517,3,0,8344
1518,3,0,8468
1519,3,0,8487
1520,3,0,8363
1521,3,0,8505
1522,3,0,8337
1523,3,0,8290
1524,3,0,8370
1525,3,0,8370
1526,3,0,8465
1527,3,0,8529
1528,3,0,8403
1529,3,0,8353
1530,3,0,8437
1531,3,0,8390
1532,3,0,8487
1533,3,0,8569
1534,3,0,8518
1535,3,0,8498
1536,3,0,8407
1537,3,0,8336
1538,3,0,8503
1539,3,0,8593
1540,3,0,8443
1541,3,0,8446
1542,3,0,8343
1543,3,0,8432
1544,3,0,8375
1545,3,0,8321
1546,3,0,8500
1547,3,0,8500
1548,3,0,8463
1549,3,0,8445
1550,3,0,8499
1551,3,0,8429
1552,3,0,8306
1553,3,0,8441
1554,3,0,8408
1555,3,0,8442
1556,3,0,8493
1557,3,0,8428
1558,3,0,8296
1559,3,0,8266
1560,3,0,8572
1561,3,0,8464
1562,3,0,8391
1563,3,0,8416
1564,3,0,8377
1565,3,0,8373
1566,3,0,8424
1567,3,0,8429
1568,3,0,8391
1569,3,0,8280
1570,3,0,8320
1571,3,0,8323
1572,3,0,8609
1573,3,0,8603
1574,3,0,8563
1575,3,0,8621
1576,3,0,8398
1577,3,0,8571
1578,3,0,8517
1579,3,0,8562
1580,3,0,8365
1581,3,0,8482
1582,3,0,8321
1583,3,0,8321
1584,3,0,8203
1585,3,0,8330
1586,3,0,8385
1587,3,0,8373
1588,3,0,8342
1589,3,0,8391
1590,3,0,8640
1591,3,0,8642
1592,3,0,8420
1593,3,0,8361
1594,3,0,8418
1595,3,0,8388
1596,3,0,8521
1597,3,0,8490
1598,3,0,8466
1599,3,0,8456
1600,3,0,8419
1601,3,0,8425
1602,3,0,8424
1603,3,0,8428
1604,3,0,8574
1605,3,0,8633
1606,3,0,8536
1607,3,0,8463
1608,3,0,8521
1609,3,0,8535
1610,3,0,8402
1611,3,0,8441
1612,3,0,8381
1613,3,0,8464
1614,3,0,8417
1615,3,0,8443
1616,3,0,8441
1617,3,0,8545
1618,3,0,8413
1619,3,0,8420
1620,3,0,8426
1621,3,0,8383
1622,3,0,8392
1623,3,0,8478
1624,3,0,8476
1625,3,0,8520
1626,3,0,8241
1627,3,0,8341
1628,3,0,8310
1629,3,0,8349
1630,3,0,8442
1631,3,0,8447
1632,3,0,8429
1633,3,0,8474
1634,3,0,8378
1635,3,0,8396
1636,3,0,8445
1637,3,0,8459
1638,3,0,8455
1639,3,0,8455
1640,3,0,8429
1641,3,0,8428
1642,3,0,8387
1643,3,0,8410
1644,3,0,8437
1645,3,0,8324
1646,3,0,8520
1647,3,0,8549
1648,3,0,8387
1649,3,0,8402
1650,3,0,8451
1651,3,0,8525
1652,3,0,8437
1653,3,0,8361
1654,3,0,8493
1655,3,0,8440
1656,3,0,8343
1657,3,0,8380
1658,3,0,8411
1659,3,0,8515
1660,3,0,8365
1661,3,0,8385
1662,3,0,8326
1663,3,0,8415
1664,3,0,8461
1665,3,0,8401
1666,3,0,8332
1667,3,0,8346
1668,3,0,8429
1669,3,0,8395
1670,3,0,8338
1671,3,0,8328
1672,3,0,8489
1673,3,0,8506
1674,3,0,8409
1675,3,0,8362
1676,3,0,8464
1677,3,0,8520
1678,3,0,8347
1679,3,0,8365
1680,3,0,8426
1681,3,0,8354
1682,3,0,8442
1683,3,0,8457
1684,3,0,8501
1685,3,0,8624
1686,3,0,8482
1687,3,0,8474
1688,3,0,8467
1689,3,0,8476
1690,3,0,8398
1691,3,0,8404
1692,3,0,8411
1693,3,0,8405
1694,3,0,8355
1695,3,0,8431
1696,3,0,8401
1697,3,0,8479
1698,3,0,8343
1699,3,0,8278
1700,3,0,8337
1701,3,0,8358
1702,3,0,8395
1703,3,0,8403
1704,3,0,8519
1705,3,0,8407
1706,3,0,8501
1707,3,0,8422
1708,3,0,8537
1709,3,0,8537
1710,3,0,8387
1711,3,0,8392
1712,3,0,8385
1713,3,0,8435
1714,3,0,8568
1715,3,0,8553
1716,3,0,8305
1717,3,0,8310
1718,3,0,8419
1719,3,0,8433
1720,3,0,8565
1721,3,0,8532
1722,3,0,8494
1723,3,0,8407
1724,3,0,8381
1725,3,0,8417
1726,3,0,8540
1727,3,0,8523
1728,3,0,8412
1729,3,0,8440
1730,3,0,8362
1731,3,0,8405
1732,3,0,8372
1733,3,0,8348
1734,3,0,8218
1735,3,0,8234
1736,3,0,8440
1737,3,0,8434
1738,3,0,8654
1739,3,0,8526
1740,3,0,8373
1741,3,0,8370
1742,3,0,8455
1743,3,0,8557
1744,3,0,8409
1745,3,0,8342
1746,3,0,8598
1747,3,0,8573
1748,3,0,8388
1749,3,0,8430
1750,3,0,8328
1751,3,0,8442
1752,3,0,8479
1753,3,0,8468
1754,3,0,8464
1755,3,0,8384
1756,3,0,8554
1757,3,0,8569
1758,3,0,8293
1759,3,0,8221
1760,3,0,8331
1761,3,0,8381
1762,3,0,8482
1763,3,0,8505
1764,3,0,8500
1765,3,0,8431
1766,3,0,8405
1767,3,0,8461
1768,3,0,8407
1769,3,0,8283
1770,3,0,8268
1771,3,0,8302
1772,3,0,8566
1773,3,0,8500
1774,3,0,8419
1775,3,0,8437
1776,3,0,8493
1777,3,0,8359
1778,3,0,8340
1779,3,0,8286
1780,3,0,8486
1781,3,0,8519
1782,3,0,8451
1783,3,0,8457
1784,3,0,8452
1785,3,0,8465
1786,3,0,8485
1787,3,0,8505
1788,3,0,8459
1789,3,0,8488
1790,3,0,8643
1791,3,0,8509
1792,3,0,8473
1793,3,0,8461
1794,3,0,8468
1795,3,0,8472
1796,3,0,8344
1797,3,0,8389
1798,3,0,8398
1799,3,0,8519
1800,3,0,8476
1801,3,0,8441
1802,3,0,8489
1803,3,0,8436
1804,3,0,8243
1805,3,0,8279
1806,3,0,8394
1807,3,0,8329
1808,3,0,8476
1809,3,0,8466
1810,3,0,8491
1811,3,0,8524
1812,3,0,8469
1813,3,0,8556
1814,3,0,8309
1815,3,0,8289
1816,3,0,8369
1817,3,0,8365
1818,3,0,8409
1819,3,0,8456
1820,3,0,8300
1821,3,0,8296
1822,3,0,8487
1823,3,0,8496
1824,3,0,8347
1825,3,0,8372
1826,3,0,8379
1827,3,0,8359
1828,3,0,8376
1829,3,0,8378
1830,3,0,8386
1831,3,0,8369
1832,3,0,8493
1833,3,0,8428
1834,3,0,8453
1835,3,0,8393
1836,3,0,8513
1837,3,0,8439
1838,3,0,8496
1839,3,0,8460
1840,3,0,8480
1841,3,0,8433
1842,3,0,8437
1843,3,0,8369
1844,3,0,8304
1845,3,0,8409
1846,3,0,8350
1847,3,0,8370
1848,3,0,8428
1849,3,0,8368
1850,3,0,8388
1851,3,0,8419
1852,3,0,8427
1853,3,0,8457
1854,3,0,8414
1855,3,0,8364
1856,3,0,8316
1857,3,0,8282
1858,3,0,8546
1859,3,0,8442
1860,3,0,8412
1861,3,0,8394
1862,3,0,8413
1863,3,0,8400
1864,3,0,8459
1865,3,0,8361
1866,3,0,8372
1867,3,0,8411
1868,3,0,8540
1869,3,0,8563
1870,3,0,8469
1871,3,0,8451
1872,3,0,8335
1873,3,0,8484
1874,3,0,8373
1875,3,0,8358
1876,3,0,8511
1877,3,0,8475
1878,3,0,8437
1879,3,0,8487
1880,3,0,8405
1881,3,0,8431
1882,3,0,8370
1883,3,0,8351
1884,3,0,8433
1885,3,0,8476
1886,3,0,8596
1887,3,0,8592
1888,3,0,8526
1889,3,0,8536
1890,3,0,8454
1891,3,0,8456
1892,3,0,8500
1893,3,0,8485
1894,3,0,8503
1895,3,0,8508
1896,3,0,8188
1897,3,0,8224
1898,3,0,8371
1899,3,0,8418
1900,3,0,8367
1901,3,0,8353
1902,3,0,8351
1903,3,0,8292
1904,3,0,8415
1905,3,0,8366
1906,3,0,8420
1907,3,0,8495
1908,3,0,8366
1909,3,0,8377
1910,3,0,8405
1911,3,0,8408
1912,3,0,8368
1913,3,0,8374
1914,3,0,8341
1915,3,0,8362
1916,3,0,8405
1917,3,0,8362
1918,3,0,8384
1919,3,0,8393
1920,3,0,8543
1921,3,0,8495
1922,3,0,8392
1923,3,0,8423
1924,3,0,8519
1925,3,0,8456
1926,3,0,8245
1927,3,0,8301
1928,3,0,8375
1929,3,0,8340
1930,3,0,8391
1931,3,0,8344
1932,3,0,8410
1933,3,0,8414
1934,3,0,8551
1935,3,0,8621
1936,3,0,8572
1937,3,0,8573
1938,3,0,8451
1939,3,0,8444
1940,3,0,8383
1941,3,0,8420
1942,3,0,8432
1943,3,0,8396
1944,3,0,8478
1945,3,0,8352
1946,3,0,8391
1947,3,0,8357
1948,3,0,8481
1949,3,0,8385
1950,3,0,8426
1951,3,0,8469
1952,3,0,8209
1953,3,0,8283
1954,3,0,8467
1955,3,0,8444
1956,3,0,8406
1957,3,0,8462
1958,3,0,8418
1959,3,0,8418
1960,3,0,8509
1961,3,0,8427
1962,3,0,8447
1963,3,0,8424
1964,3,0,8523
1965,3,0,8502
1966,3,0,8375
1967,3,0,8392
1968,3,0,8391
1969,3,0,8352
1970,3,0,8465
1971,3,0,8421
1972,3,0,8417
1973,3,0,8459
1974,3,0,8529
1975,3,0,8578
1976,3,0,8444
1977,3,0,8503
1978,3,0,8361
1979,3,0,8310
1980,3,0,8514
1981,3,0,8515
1982,3,0,8315
1983,3,0,8326
1984,3,0,8358
1985,3,0,8464
1986,3,0,8298
1987,3,0,8309
1988,3,0,8418
1989,3,0,8361
1990,3,0,8428
1991,3,0,8406
1992,3,0,8367
1993,3,0,8321
1994,3,0,8393
1995,3,0,8497
1996,3,0,8456
1997,3,0,8500
1998,3,0,8479
1999,3,0,8520
2000,4,0,8279
2001,4,0,8303
2002,4,0,8320
2003,4,0,8320
2004,4,0,8519
2005,4,0,8623
2006,4,0,8527
2007,4,0,8565
2008,4,0,8308
2009,4,0,8320
2010,4,0,8394
2011,4,0,8352
2012,4,0,8280
2013,4,0,8287
2014,4,0,8457
2015,4,0,8491
2016,4,0,8415
2017,4,0,8304
2018,4,0,8500
2019,4,0,8459
2020,4,0,8449
2021,4,0,8391
2022,4,0,8308
2023,4,0,8334
2024,4,0,8421
2025,4,0,8442
2026,4,0,8498
2027,4,0,8594
2028,4,0,8368
2029,4,0,8396
2030,4,0,8407
2031,4,0,8407
2032,4,0,8580
2033,4,0,8569
2034,4,0,8511
2035,4,0,8495
2036,4,0,8373
2037,4,0,8342
2038,4,0,8572
2039,4,0,8510
2040,4,0,8442
2041,4,0,8424
2042,4,0,8450
2043,4,0,8335
2044,4,0,8295
2045,4,0,8293
2046,4,0,8523
2047,4,0,8521
2048,4,0,8446
2049,4,0,8504
2050,4,0,8496
2051,4,0,8478
2052,4,0,8409
2053,4,0,8394
2054,4,0,8383
2055,4,0,8377
2056,4,0,8513
2057,4,0,8477
2058,4,0,8366
2059,4,0,8300
2060,4,0,8570
2061,4,0,8554
2062,4,0,8470
2063,4,0,8389
2064,4,0,8349
2065,4,0,8344
2066,4,0,8423
2067,4,0,8399
2068,4,0,8422
2069,4,0,8375
2070,4,0,8294
2071,4,0,8360
2072,4,0,8568
2073,4,0,8598
2074,4,0,8571
2075,4,0,8545
2076,4,0,8466
2077,4,0,8492
2078,4,0,8515
2079,4,0,8524
2080,4,0,8448
2081,4,0,8472
2082,4,0,8326
2083,4,0,8381
2084,4,0,8313
2085,4,0,8317
2086,4,0,8450
2087,4,0,8407
2088,4,0,8373
2089,4,0,8380
2090,4,0,8569
2091,4,0,8683
2092,4,0,8330
2093,4,0,8390
2094,4,0,8343
2095,4,0,8411
2096,4,0,8571
2097,4,0,8450
2098,4,0,8451
2099,4,0,8484
2100,4,0,8385
2101,4,0,8443
2102,4,0,8442
2103,4,0,8443
2104,4,0,8527
2105,4,0,8645
2106,4,0,8527
2107,4,0,8502
2108,4,0,8553
2109,4,0,8510
2110,4,0,8422
2111,4,0,8423
2112,4,0,8365
2113,4,0,8428
2114,4,0,8435
2115,4,0,8418
2116,4,0,8497
2117,4,0,8459
2118,4,0,8430
2119,4,0,8375
2120,4,0,8412
2121,4,0,8432
2122,4,0,8512
2123,4,0,8433
2124,4,0,8514
2125,4,0,8525
2126,4,0,8252
2127,4,0,8342
2128,4,0,8354
2129,4,0,8330
2130,4,0,8369
2131,4,0,8469
2132,4,0,8420
2133,4,0,8447
2134,4,0,8443
2135,4,0,8444
2136,4,0,8459
2137,4,0,8429
2138,4,0,8437
2139,4,0,8430
2140,4,0,8454
2141,4,0,8419
2142,4,0,8378
2143,4,0,8485
2144,4,0,8331
2145,4,0,8438
2146,4,0,8574
2147,4,0,8546
2148,4,0,8394
2149,4,0,8361
2150,4,0,8477
2151,4,0,8480
2152,4,0,8435
2153,4,0,8383
2154,4,0,8449
2155,4,0,8519
2156,4,0,8322
2157,4,0,8372
2158,4,0,8428
2159,4,0,8512
2160,4,0,8396
2161,4,0,8378
2162,4,0,8341
2163,4,0,8475
2164,4,0,8501
2165,4,0,8482
2166,4,0,8346
2167,4,0,8291
2168,4,0,8428
2169,4,0,8384
2170,4,0,8352
2171,4,0,8321
2172,4,0,8502
2173,4,0,8499
2174,4,0,8402
2175,4,0,8325
2176,4,0,8463
2177,4,0,8438
2178,4,0,8335
2179,4,0,8382
2180,4,0,8350
2181,4,0,8413
2182,4,0,8436
2183,4,0,8397
2184,4,0,8595
2185,4,0,8593
2186,4,0,8471
2187,4,0,8448
2188,4,0,8505
2189,4,0,8479
2190,4,0,8325
2191,4,0,8407
2192,4,0,8456
2193,4,0,8420
2194,4,0,8395
2195,4,0,8394
2196,4,0,8463
2197,4,0,8482
2198,4,0,8306
2199,4,0,8317
2200,4,0,8288
2201,4,0,8341
2202,4,0,8428
2203,4,0,8398
2204,4,0,8491
2205,4,0,8513
2206,4,0,8506
2207,4,0,8512
2208,4,0,8555
2209,4,0,8561
2210,4,0,8410
2211,4,0,8348
2212,4,0,8396
2213,4,0,8382
2214,4,0,8598
2215,4,0,8545
2216,4,0,8299
2217,4,0,8308
2218,4,0,8429
2219,4,0,8451
2220,4,0,8499
2221,4,0,8572
2222,4,0,8460
2223,4,0,8453
2224,4,0,8398
2225,4,0,8413
2226,4,0,8521
2227,4,0,8460
2228,4,0,8373
2229,4,0,8454
2230,4,0,8386
2231,4,0,8402
2232,4,0,8361
2233,4,0,8352
2234,4,0,8233
2235,4,0,8228
2236,4,0,8382
2237,4,0,8443
2238,4,0,8509
2239,4,0,8605
2240,4,0,8328
2241,4,0,8337
2242,4,0,8504
2243,4,0,8501
2244,4,0,8339
2245,4,0,8373
2246,4,0,8563
2247,4,0,8558
2248,4,0,8478
2249,4,0,8377
2250,4,0,8356
2251,4,0,8347
2252,4,0,8427
2253,4,0,8477
2254,4,0,8403
2255,4,0,8399
2256,4,0,8573
2257,4,0,8546
2258,4,0,8208
2259,4,0,8179
2260,4,0,8344
2261,4,0,8347
2262,4,0,8509
2263,4,0,8444
2264,4,0,8460
2265,4,0,8443
2266,4,0,8418
2267,4,0,8420
2268,4,0,8367
2269,4,0,8330
2270,4,0,8305
2271,4,0,8271
2272,4,0,8524
2273,4,0,8501
2274,4,0,8495
2275,4,0,8444
2276,4,0,8430
2277,4,0,8444
2278,4,0,8235
2279,4,0,8339
2280,4,0,8519
2281,4,0,8586
2282,4,0,8400
2283,4,0,8461
2284,4,0,8455
2285,4,0,8491
2286,4,0,8534
2287,4,0,8442
2288,4,0,8397
2289,4,0,8455
2290,4,0,8641
2291,4,0,8586
2292,4,0,8456
2293,4,0,8448
2294,4,0,8559
2295,4,0,8421
2296,4,0,8396
2297,4,0,8304
2298,4,0,8492
2299,4,0,8381
2300,4,0,8471
2301,4,0,8440
2302,4,0,8480
2303,4,0,8458
2304,4,0,8261
2305,4,0,8220
2306,4,0,8407
2307,4,0,8273
2308,4,0,8465
2309,4,0,8496
2310,4,0,8545
2311,4,0,8540
2312,4,0,8521
2313,4,0,8570
2314,4,0,8361
2315,4,0,8320
2316,4,0,8309
2317,4,0,8376
2318,4,0,8418
2319,4,0,8418
2320,4,0,8306
2321,4,0,8304
2322,4,0,8526
2323,4,0,8441
2324,4,0,8422
2325,4,0,8328
2326,4,0,8318
2327,4,0,8418
2328,4,0,8452
2329,4,0,8346
2330,4,0,8413
2331,4,0,8384
2332,4,0,8476
2333,4,0,8477
2334,4,0,8464
2335,4,0,8381
2336,4,0,8511
2337,4,0,8459
2338,4,0,8499
2339,4,0,8506
2340,4,0,8441
2341,4,0,8509
2342,4,0,8372
2343,4,0,8342
2344,4,0,8319
2345,4,0,8402
2346,4,0,8390
2347,4,0,8319
2348,4,0,8395
2349,4,0,8370
2350,4,0,8411
2351,4,0,8386
2352,4,0,8505
2353,4,0,8406
2354,4,0,8430
2355,4,0,8375
2356,4,0,8283
2357,4,0,8288
2358,4,0,8486
2359,4,0,8477
2360,4,0,8379
2361,4,0,8429
2362,4,0,8405
2363,4,0,8366
2364,4,0,8461
2365,4,0,8437
2366,4,0,8369
2367,4,0,8341
2368,4,0,8552
2369,4,0,8554
2370,4,0,8508
2371,4,0,8420
2372,4,0,8378
2373,4,0,8422
2374,4,0,8385
2375,4,0,8354
2376,4,0,8475
2377,4,0,8475
2378,4,0,8369
2379,4,0,8484
2380,4,0,8413
2381,4,0,8378
2382,4,0,8333
2383,4,0,8417
2384,4,0,8441
2385,4,0,8480
2386,4,0,8604
2387,4,0,8566
2388,4,0,8520
2389,4,0,8576
2390,4,0,8384
2391,4,0,8413
2392,4,0,8544
2393,4,0,8483
2394,4,0,8493
2395,4,0,8540
2396,4,0,8218
2397,4,0,8241
2398,4,0,8433
2399,4,0,8434
2400,4,0,8368
2401,4,0,8344
2402,4,0,8313
2403,4,0,8311
2404,4,0,8409
2405,4,0,8404
2406,4,0,8410
2407,4,0,8485
2408,4,0,8367
2409,4,0,8426
2410,4,0,8386
2411,4,0,8354
2412,4,0,8297
2413,4,0,8380
2414,4,0,8311
2415,4,0,8400
2416,4,0,8431
2417,4,0,8398
2418,4,0,8342
2419,4,0,8373
2420,4,0,8557
2421,4,0,8509
2422,4,0,8358
2423,4,0,8325
2424,4,0,8516
2425,4,0,8532
2426,4,0,8203
2427,4,0,8255
2428,4,0,8435
2429,4,0,8332
2430,4,0,8371
2431,4,0,8369
2432,4,0,8385
2433,4,0,8349
2434,4,0,8555
2435,4,0,8566
2436,4,0,8601
2437,4,0,8638
2438,4,0,8519
2439,4,0,8424
2440,4,0,8365
2441,4,0,8398
2442,4,0,8422
2443,4,0,8419
2444,4,0,8388
2445,4,0,8459
2446,4,0,8466
2447,4,0,8376
2448,4,0,8452
2449,4,0,8416
2450,4,0,8429
2451,4,0,8442
2452,4,0,8260
2453,4,0,8243
2454,4,0,8392
2455,4,0,8464
2456,4,0,8431
2457,4,0,8415
2458,4,0,8353
2459,4,0,8434
2460,4,0,8445
2461,4,0,8481
2462,4,0,8396
2463,4,0,8464
2464,4,0,8516
2465,4,0,8453
2466,4,0,8407
2467,4,0,8359
2468,4,0,8354
2469,4,0,8312
2470,4,0,8489
2471,4,0,8485
2472,4,0,8413
2473,4,0,8390
2474,4,0,8566
2475,4,0,8553
2476,4,0,8485
2477,4,0,8466
2478,4,0,8226
2479,4,0,8253
2480,4,0,8522
2481,4,0,8548
2482,4,0,8333
2483,4,0,8349
2484,4,0,8462
2485,4,0,8406
2486,4,0,8315
2487,4,0,8241
2488,4,0,8429
2489,4,0,8353
2490,4,0,8402
2491,4,0,8401
2492,4,0,8264
2493,4,0,8314
2494,4,0,8457
2495,4,0,8337
2496,4,0,8495
2497,4,0,8444
2498,4,0,8518
2499,4,0,8508
2500,5,0,8260
2501,5,0,8351
2502,5,0,8358
2503,5,0,8331
2504,5,0,8624
2505,5,0,8584
2506,5,0,8542
2507,5,0,8559
2508,5,0,8331
2509,5,0,8284
2510,5,0,8366
2511,5,0,8411
2512,5,0,8309
2513,5,0,8256
2514,5,0,8463
2515,5,0,8477
2516,5,0,8357
2517,5,0,8403
2518,5,0,8458
2519,5,0,8454
2520,5,0,8424
2521,5,0,8366
2522,5,0,8357
2523,5,0,8315
2524,5,0,8488
2525,5,0,8463
2526,5,0,8550
2527,5,0,8530
2528,5,0,8374
2529,5,0,8320
2530,5,0,8370
2531,5,0,8437
2532,5,0,8554
2533,5,0,8529
2534,5,0,8505
2535,5,0,8534
2536,5,0,8362
2537,5,0,8346
2538,5,0,8562
2539,5,0,8533
2540,5,0,8448
2541,5,0,8405
2542,5,0,8432
2543,5,0,8452
2544,5,0,8298
2545,5,0,8289
2546,5,0,8484
2547,5,0,8488
2548,5,0,8510
2549,5,0,8456
2550,5,0,8499
2551,5,0,8519
2552,5,0,8404
2553,5,0,8428
2554,5,0,8384
2555,5,0,8388
2556,5,0,8460
2557,5,0,8460
2558,5,0,8311
2559,5,0,8351
2560,5,0,8558
2561,5,0,8638
2562,5,0,8443
2563,5,0,8423
2564,5,0,8351
2565,5,0,8332
2566,5,0,8401
2567,5,0,8495
2568,5,0,8361
2569,5,0,8376
2570,5,0,8368
2571,5,0,8308
2572,5,0,8557
2573,5,0,8603
2574,5,0,8575
2575,5,0,8590
2576,5,0,8436
2577,5,0,8477
2578,5,0,8508
2579,5,0,8509
2580,5,0,8495
2581,5,0,8464
2582,5,0,8356
2583,5,0,8349
2584,5,0,8329
2585,5,0,8230
2586,5,0,8450
2587,5,0,8456
2588,5,0,8350
2589,5,0,8415
2590,5,0,8579
2591,5,0,8621
2592,5,0,8372
2593,5,0,8378
2594,5,0,8355
2595,5,0,8418
2596,5,0,8459
2597,5,0,8514
2598,5,0,8422
2599,5,0,8455
2600,5,0,8398
2601,5,0,8393
2602,5,0,8448
2603,5,0,8406
2604,5,0,8580
2605,5,0,8615
2606,5,0,8507
2607,5,0,8511
2608,5,0,8539
2609,5,0,8552
2610,5,0,8433
2611,5,0,8429
2612,5,0,8345
2613,5,0,8371
2614,5,0,8438
2615,5,0,8462
2616,5,0,8531
2617,5,0,8454
2618,5,0,8360
2619,5,0,8437
2620,5,0,8455
2621,5,0,8427
2622,5,0,8437
2623,5,0,8441
2624,5,0,8484
2625,5,0,8530
2626,5,0,8282
2627,5,0,8261
2628,5,0,8341
2629,5,0,8341
2630,5,0,8425
2631,5,0,8429
2632,5,0,8467
2633,5,0,8477
2634,5,0,8458
2635,5,0,8476
2636,5,0,8437
2637,5,0,8551
2638,5,0,8456
2639,5,0,8481
2640,5,0,8424
2641,5,0,8433
2642,5,0,8460
2643,5,0,8356
2644,5,0,8342
2645,5,0,8409
2646,5,0,8553
2647,5,0,8508
2648,5,0,8316
2649,5,0,8369
2650,5,0,8458
2651,5,0,8506
2652,5,0,8379
2653,5,0,8411
2654,5,0,8490
2655,5,0,8527
2656,5,0,8363
2657,5,0,8396
2658,5,0,8470
2659,5,0,8482
2660,5,0,8383
2661,5,0,8434
2662,5,0,8424
2663,5,0,8419
2664,5,0,8486
2665,5,0,8500
2666,5,0,8376
2667,5,0,8308
2668,5,0,8456
2669,5,0,8429
2670,5,0,8381
2671,5,0,8330
2672,5,0,8540
2673,5,0,8542
2674,5,0,8309
2675,5,0,8325
2676,5,0,8476
2677,5,0,8386
2678,5,0,8368
2679,5,0,8320
2680,5,0,8383
2681,5,0,8407
2682,5,0,8375
2683,5,0,8427
2684,5,0,8613
2685,5,0,8572
2686,5,0,8540
2687,5,0,8456
2688,5,0,8475
2689,5,0,8464
2690,5,0,8393
2691,5,0,8365
2692,5,0,8435
2693,5,0,8371
2694,5,0,8365
2695,5,0,8335
2696,5,0,8509
2697,5,0,8503
2698,5,0,8277
2699,5,0,8367
2700,5,0,8342
2701,5,0,8317
2702,5,0,8452
2703,5,0,8451
2704,5,0,8485
2705,5,0,8508
2706,5,0,8524
2707,5,0,8545
2708,5,0,8563
2709,5,0,8551
2710,5,0,8366
2711,5,0,8393
2712,5,0,8360
2713,5,0,8437
2714,5,0,8547
2715,5,0,8585
2716,5,0,8335
2717,5,0,8296
2718,5,0,8486
2719,5,0,8467
2720,5,0,8535
2721,5,0,8539
2722,5,0,8432
2723,5,0,8383
2724,5,0,8423
2725,5,0,8399
2726,5,0,8444
2727,5,0,8484
2728,5,0,8445
2729,5,0,8434
2730,5,0,8381
2731,5,0,8353
2732,5,0,8370
2733,5,0,8341
2734,5,0,8213
2735,5,0,8251
2736,5,0,8420
2737,5,0,8414
2738,5,0,8567
2739,5,0,8534
2740,5,0,8360
2741,5,0,8294
2742,5,0,8473
2743,5,0,8447
2744,5,0,8359
2745,5,0,8358
2746,5,0,8564
2747,5,0,8575
2748,5,0,8476
2749,5,0,8384
2750,5,0,8302
2751,5,0,8298
2752,5,0,8409
2753,5,0,8465
2754,5,0,8396
2755,5,0,8360
2756,5,0,8560
2757,5,0,8597
2758,5,0,8175
2759,5,0,8221
2760,5,0,8307
2761,5,0,8314
2762,5,0,8471
2763,5,0,8475
2764,5,0,8445
2765,5,0,8358
2766,5,0,8370
2767,5,0,8368
2768,5,0,8333
2769,5,0,8352
2770,5,0,8300
2771,5,0,8325
2772,5,0,8542
2773,5,0,8586
2774,5,0,8524
2775,5,0,8444
2776,5,0,8403
2777,5,0,8489
2778,5,0,8263
2779,5,0,8301
2780,5,0,8537
2781,5,0,8563
2782,5,0,8452
2783,5,0,8456
2784,5,0,8445
2785,5,0,8464
2786,5,0,8501
2787,5,0,8498
2788,5,0,8450
2789,5,0,8474
2790,5,0,8590
2791,5,0,8680
2792,5,0,8455
2793,5,0,8444
2794,5,0,8474
2795,5,0,8459
2796,5,0,8351
2797,5,0,8340
2798,5,0,8444
2799,5,0,8424
2800,5,0,8455
2801,5,0,8424
2802,5,0,8446
2803,5,0,8446
2804,5,0,8216
2805,5,0,8270
2806,5,0,8294
2807,5,0,8285
2808,5,0,8487
2809,5,0,8510
2810,5,0,8537
2811,5,0,8539
2812,5,0,8534
2813,5,0,8544
2814,5,0,8358
2815,5,0,8318
2816,5,0,8376
2817,5,0,8338
2818,5,0,8454
2819,5,0,8385
2820,5,0,8290
2821,5,0,8327
2822,5,0,8505
2823,5,0,8510
2824,5,0,8374
2825,5,0,8395
2826,5,0,8332
2827,5,0,8413
2828,5,0,8386
2829,5,0,8403
2830,5,0,8419
2831,5,0,8434
2832,5,0,8489
2833,5,0,8468
2834,5,0,8391
2835,5,0,8457
2836,5,0,8488
2837,5,0,8449
2838,5,0,8513
2839,5,0,8500
2840,5,0,8488
2841,5,0,8487
2842,5,0,8361
2843,5,0,8339
2844,5,0,8371
2845,5,0,8400
2846,5,0,8394
2847,5,0,8365
2848,5,0,8375
2849,5,0,8330
2850,5,0,8442
2851,5,0,8368
2852,5,0,8498
2853,5,0,8497
2854,5,0,8484
2855,5,0,8415
2856,5,0,8290
2857,5,0,8332
2858,5,0,8471
2859,5,0,8493
2860,5,0,8415
2861,5,0,8400
2862,5,0,8375
2863,5,0,8354
2864,5,0,8384
2865,5,0,8471
2866,5,0,8382
2867,5,0,8387
2868,5,0,8565
2869,5,0,8501
2870,5,0,8507
2871,5,0,8452
2872,5,0,8353
2873,5,0,8425
2874,5,0,8401
2875,5,0,8346
2876,5,0,8459
2877,5,0,8436
2878,5,0,8401
2879,5,0,8437
2880,5,0,8410
2881,5,0,8417
2882,5,0,8398
2883,5,0,8361
2884,5,0,8487
2885,5,0,8478
2886,5,0,8602
2887,5,0,8600
2888,5,0,8548
2889,5,0,8544
2890,5,0,8375
2891,5,0,8414
2892,5,0,8493
2893,5,0,8537
2894,5,0,8560
2895,5,0,8545
2896,5,0,8237
2897,5,0,8198
2898,5,0,8441
2899,5,0,8389
2900,5,0,8288
2901,5,0,8388
2902,5,0,8329
2903,5,0,8338
2904,5,0,8365
2905,5,0,8449
2906,5,0,8498
2907,5,0,8444
2908,5,0,8336
2909,5,0,8403
2910,5,0,8351
2911,5,0,8372
2912,5,0,8272
2913,5,0,8392
2914,5,0,8351
2915,5,0,8310
2916,5,0,8453
2917,5,0,8365
2918,5,0,8334
2919,5,0,8377
2920,5,0,8541
2921,5,0,8504
2922,5,0,8357
2923,5,0,8334
2924,5,0,8573
2925,5,0,8438
2926,5,0,8261
2927,5,0,8268
2928,5,0,8427
2929,5,0,8397
2930,5,0,8358
2931,5,0,8391
2932,5,0,8389
2933,5,0,8349
2934,5,0,8576
2935,5,0,8582
2936,5,0,8627
2937,5,0,8604
2938,5,0,8500
2939,5,0,8444
2940,5,0,8352
2941,5,0,8374
2942,5,0,8448
2943,5,0,8413
2944,5,0,8383
2945,5,0,8420
2946,5,0,8394
2947,5,0,8398
2948,5,0,8439
2949,5,0,8456
2950,5,0,8408
2951,5,0,8412
2952,5,0,8256
2953,5,0,8219
2954,5,0,8430
2955,5,0,8450
2956,5,0,8456
2957,5,0,8431
2958,5,0,8357
2959,5,0,8444
2960,5,0,8496
2961,5,0,8500
2962,5,0,8467
2963,5,0,8367
2964,5,0,8445
2965,5,0,8481
2966,5,0,8449
2967,5,0,8417
2968,5,0,8326
2969,5,0,8315
2970,5,0,8509
2971,5,0,8476
2972,5,0,8419
2973,5,0,8400
2974,5,0,8557
2975,5,0,8568
2976,5,0,8485
2977,5,0,8494
2978,5,0,8251
2979,5,0,8257
2980,5,0,8536
2981,5,0,8561
2982,5,0,8353
2983,5,0,8353
2984,5,0,8460
2985,5,0,8395
2986,5,0,8203
2987,5,0,8298
2988,5,0,8431
2989,5,0,8380
2990,5,0,8443
2991,5,0,8393
2992,5,0,8353
2993,5,0,8288
2994,5,0,8446
2995,5,0,8355
2996,5,0,8432
2997,5,0,8486
2998,5,0,8504
2999,5,0,8513
