parent,child
497,500
416,500
497,501
416,501
436,502
233,502
436,503
233,503
6,504
157,504
6,505
157,505
423,506
60,506
423,507
60,507
459,508
24,508
459,509
24,509
334,510
112,510
334,511
112,511
449,512
445,512
449,513
445,513
234,514
11,514
234,515
11,515
409,516
402,516
409,517
402,517
97,518
95,518
97,519
95,519
190,520
392,520
190,521
392,521
421,522
464,522
421,523
464,523
273,524
9,524
273,525
9,525
76,526
139,526
76,527
139,527
40,528
227,528
40,529
227,529
360,530
223,530
360,531
223,531
271,532
453,532
271,533
453,533
388,534
337,534
388,535
337,535
310,536
86,536
310,537
86,537
213,538
214,538
213,539
214,539
19,540
46,540
19,541
46,541
315,542
16,542
315,543
16,543
322,544
420,544
322,545
420,545
217,546
99,546
217,547
99,547
39,548
313,548
39,549
313,549
147,550
429,550
147,551
429,551
208,552
45,552
208,553
45,553
309,554
324,554
309,555
324,555
30,556
88,556
30,557
88,557
482,558
32,558
482,559
32,559
28,560
4,560
28,561
4,561
91,562
143,562
91,563
143,563
152,564
167,564
152,565
167,565
352,566
194,566
352,567
194,567
364,568
89,568
364,569
89,569
148,570
319,570
148,571
319,571
12,572
267,572
12,573
267,573
256,574
428,574
256,575
428,575
257,576
458,576
257,577
458,577
284,578
383,578
284,579
383,579
276,580
264,580
276,581
264,581
329,582
15,582
329,583
15,583
405,584
181,584
405,585
181,585
467,586
105,586
467,587
105,587
311,588
325,588
311,589
325,589
331,590
199,590
331,591
199,591
384,592
268,592
384,593
268,593
8,594
238,594
8,595
238,595
294,596
133,596
294,597
133,597
153,598
261,598
153,599
261,599
437,600
368,600
437,601
368,601
113,602
385,602
113,603
385,603
104,604
341,604
104,605
341,605
183,606
138,606
183,607
138,607
401,608
426,608
401,609
426,609
236,610
159,610
236,611
159,611
55,612
248,612
55,613
248,613
23,614
122,614
23,615
122,615
471,616
374,616
471,617
374,617
272,618
156,618
272,619
156,619
275,620
131,620
275,621
131,621
406,622
298,622
406,623
298,623
41,624
34,624
41,625
34,625
306,626
149,626
306,627
149,627
197,628
366,628
197,629
366,629
380,630
26,630
380,631
26,631
353,632
301,632
353,633
301,633
469,634
308,634
469,635
308,635
346,636
108,636
346,637
108,637
379,638
295,638
379,639
295,639
206,640
448,640
206,641
448,641
447,642
98,642
447,643
98,643
375,644
96,644
375,645
96,645
93,646
435,646
93,647
435,647
155,648
357,648
155,649
357,649
72,650
398,650
72,651
398,651
381,652
53,652
381,653
53,653
68,654
33,654
68,655
33,655
490,656
333,656
490,657
333,657
22,658
277,658
22,659
277,659
54,660
80,660
54,661
80,661
499,662
443,662
499,663
443,663
474,664
124,664
474,665
124,665
481,666
376,666
481,667
376,667
243,668
169,668
243,669
169,669
473,670
427,670
473,671
427,671
240,672
378,672
240,673
378,673
404,674
172,674
404,675
172,675
418,676
312,676
418,677
312,677
439,678
412,678
439,679
412,679
200,680
407,680
200,681
407,681
162,682
415,682
162,683
415,683
0,684
460,684
0,685
460,685
475,686
51,686
475,687
51,687
226,688
212,688
226,689
212,689
175,690
106,690
175,691
106,691
202,692
210,692
202,693
210,693
56,694
235,694
56,695
235,695
430,696
434,696
430,697
434,697
151,698
274,698
151,699
274,699
358,700
114,700
358,701
114,701
63,702
125,702
63,703
125,703
67,704
160,704
67,705
160,705
461,706
438,706
461,707
438,707
343,708
185,708
343,709
185,709
362,710
442,710
362,711
442,711
244,712
37,712
244,713
37,713
258,714
176,714
258,715
176,715
487,716
372,716
487,717
372,717
451,718
241,718
451,719
241,719
495,720
224,720
495,721
224,721
424,722
220,722
424,723
220,723
287,724
247,724
287,725
247,725
408,726
327,726
408,727
327,727
410,728
117,728
410,729
117,729
472,730
70,730
472,731
70,731
118,732
161,732
118,733
161,733
180,734
62,734
180,735
62,735
403,736
29,736
403,737
29,737
3,738
239,738
3,739
239,739
484,740
166,740
484,741
166,741
477,742
209,742
477,743
209,743
47,744
154,744
47,745
154,745
367,746
168,746
367,747
168,747
414,748
303,748
414,749
303,749
285,750
338,750
285,751
338,751
127,752
21,752
127,753
21,753
52,754
344,754
52,755
344,755
18,756
476,756
18,757
476,757
140,758
369,758
140,759
369,759
119,760
1,760
119,761
1,761
393,762
164,762
393,763
164,763
498,764
470,764
498,765
470,765
259,766
31,766
259,767
31,767
77,768
184,768
77,769
184,769
136,770
116,770
136,771
116,771
485,772
320,772
485,773
320,773
35,774
382,774
35,775
382,775
252,776
92,776
252,777
92,777
269,778
66,778
269,779
66,779
299,780
187,780
299,781
187,781
391,782
222,782
391,783
222,783
251,784
228,784
251,785
228,785
468,786
370,786
468,787
370,787
254,788
121,788
254,789
121,789
361,790
340,790
361,791
340,791
58,792
110,792
58,793
110,793
242,794
386,794
242,795
386,795
431,796
73,796
431,797
73,797
188,798
193,798
188,799
193,799
173,800
237,800
173,801
237,801
103,802
335,802
103,803
335,803
400,804
82,804
400,805
82,805
452,806
204,806
452,807
204,807
263,808
177,808
263,809
177,809
182,810
440,810
182,811
440,811
255,812
411,812
255,813
411,813
231,814
246,814
231,815
246,815
201,816
425,816
201,817
425,817
94,818
101,818
94,819
101,819
75,820
289,820
75,821
289,821
302,822
14,822
302,823
14,823
150,824
457,824
150,825
457,825
339,826
483,826
339,827
483,827
478,828
296,828
478,829
296,829
64,830
100,830
64,831
100,831
130,832
450,832
130,833
450,833
71,834
57,834
71,835
57,835
413,836
466,836
413,837
466,837
281,838
292,838
281,839
292,839
356,840
218,840
356,841
218,841
43,842
219,842
43,843
219,843
328,844
354,844
328,845
354,845
455,846
178,846
455,847
178,847
61,848
463,848
61,849
463,849
137,850
221,850
137,851
221,851
87,852
390,852
87,853
390,853
441,854
230,854
441,855
230,855
211,856
115,856
211,857
115,857
363,858
249,858
363,859
249,859
387,860
397,860
387,861
397,861
486,862
171,862
486,863
171,863
359,864
330,864
359,865
330,865
44,866
17,866
44,867
17,867
49,868
454,868
49,869
454,869
262,870
278,870
262,871
278,871
488,872
25,872
488,873
25,873
90,874
307,874
90,875
307,875
282,876
288,876
282,877
288,877
348,878
394,878
348,879
394,879
198,880
42,880
198,881
42,881
141,882
229,882
141,883
229,883
444,884
373,884
444,885
373,885
260,886
314,886
260,887
314,887
145,888
496,888
145,889
496,889
126,890
120,890
126,891
120,891
2,892
419,892
2,893
419,893
203,894
215,894
203,895
215,895
456,896
7,896
456,897
7,897
489,898
225,898
489,899
225,899
355,900
59,900
355,901
59,901
433,902
232,902
433,903
232,903
465,904
297,904
465,905
297,905
280,906
389,906
280,907
389,907
79,908
205,908
79,909
205,909
191,910
109,910
191,911
109,911
305,912
395,912
305,913
395,913
396,914
377,914
396,915
377,915
265,916
65,916
265,917
65,917
347,918
27,918
347,919
27,919
462,920
78,920
462,921
78,921
446,922
186,922
446,923
186,923
195,924
102,924
195,925
102,925
432,926
316,926
432,927
316,927
417,928
479,928
417,929
479,929
135,930
189,930
135,931
189,931
38,932
283,932
38,933
283,933
253,934
250,934
253,935
250,935
142,936
321,936
142,937
321,937
326,938
50,938
326,939
50,939
300,940
371,940
300,941
371,941
83,942
85,942
83,943
85,943
123,944
342,944
123,945
342,945
163,946
492,946
163,947
492,947
422,948
146,948
422,949
146,949
266,950
170,950
266,951
170,951
5,952
270,952
5,953
270,953
107,954
286,954
107,955
286,955
74,956
323,956
74,957
323,957
290,958
304,958
290,959
304,959
84,960
318,960
84,961
318,961
365,962
293,962
365,963
293,963
350,964
494,964
350,965
494,965
20,966
317,966
20,967
317,967
13,968
158,968
13,969
158,969
216,970
134,970
216,971
134,971
336,972
332,972
336,973
332,973
81,974
493,974
81,975
493,975
351,976
144,976
351,977
144,977
48,978
129,978
48,979
129,979
174,980
279,980
174,981
279,981
36,982
10,982
36,983
10,983
491,984
192,984
491,985
192,985
132,986
345,986
132,987
345,987
480,988
69,988
480,989
69,989
349,990
399,990
349,991
399,991
128,992
111,992
128,993
111,993
196,994
291,994
196,995
291,995
207,996
165,996
207,997
165,997
179,998
245,998
179,999
245,999
947,1000
939,1000
947,1001
939,1001
576,1002
597,1002
576,1003
597,1003
622,1004
515,1004
622,1005
515,1005
858,1006
987,1006
858,1007
987,1007
930,1008
616,1008
930,1009
616,1009
586,1010
678,1010
586,1011
678,1011
629,1012
925,1012
629,1013
925,1013
789,1014
791,1014
789,1015
791,1015
994,1016
528,1016
994,1017
528,1017
977,1018
781,1018
977,1019
781,1019
669,1020
603,1020
669,1021
603,1021
696,1022
638,1022
696,1023
638,1023
793,1024
540,1024
793,1025
540,1025
972,1026
888,1026
972,1027
888,1027
710,1028
553,1028
710,1029
553,1029
882,1030
599,1030
882,1031
599,1031
741,1032
990,1032
741,1033
990,1033
585,1034
776,1034
585,1035
776,1035
866,1036
771,1036
866,1037
771,1037
546,1038
764,1038
546,1039
764,1039
687,1040
572,1040
687,1041
572,1041
550,1042
724,1042
550,1043
724,1043
712,1044
717,1044
712,1045
717,1045
779,1046
800,1046
779,1047
800,1047
575,1048
511,1048
575,1049
511,1049
924,1050
650,1050
924,1051
650,1051
534,1052
847,1052
534,1053
847,1053
541,1054
861,1054
541,1055
861,1055
594,1056
729,1056
594,1057
729,1057
637,1058
905,1058
637,1059
905,1059
567,1060
648,1060
567,1061
648,1061
527,1062
944,1062
527,1063
944,1063
872,1064
684,1064
872,1065
684,1065
626,1066
500,1066
626,1067
500,1067
760,1068
883,1068
760,1069
883,1069
703,1070
680,1070
703,1071
680,1071
822,1072
555,1072
822,1073
555,1073
899,1074
807,1074
899,1075
807,1075
665,1076
501,1076
665,1077
501,1077
821,1078
730,1078
821,1079
730,1079
855,1080
870,1080
855,1081
870,1081
936,1082
804,1082
936,1083
804,1083
632,1084
830,1084
632,1085
830,1085
675,1086
828,1086
675,1087
828,1087
503,1088
817,1088
503,1089
817,1089
784,1090
876,1090
784,1091
876,1091
619,1092
602,1092
619,1093
602,1093
593,1094
634,1094
593,1095
634,1095
974,1096
751,1096
974,1097
751,1097
877,1098
963,1098
877,1099
963,1099
645,1100
749,1100
645,1101
749,1101
763,1102
562,1102
763,1103
562,1103
950,1104
940,1104
950,1105
940,1105
966,1106
535,1106
966,1107
535,1107
722,1108
508,1108
722,1109
508,1109
625,1110
837,1110
625,1111
837,1111
805,1112
584,1112
805,1113
584,1113
775,1114
956,1114
775,1115
956,1115
904,1116
832,1116
904,1117
832,1117
917,1118
846,1118
917,1119
846,1119
560,1120
600,1120
560,1121
600,1121
889,1122
518,1122
889,1123
518,1123
839,1124
921,1124
839,1125
921,1125
646,1126
993,1126
646,1127
993,1127
692,1128
802,1128
692,1129
802,1129
886,1130
976,1130
886,1131
976,1131
887,1132
890,1132
887,1133
890,1133
979,1134
659,1134
979,1135
659,1135
825,1136
617,1136
825,1137
617,1137
516,1138
864,1138
516,1139
864,1139
707,1140
945,1140
707,1141
945,1141
607,1142
912,1142
607,1143
912,1143
960,1144
720,1144
960,1145
720,1145
545,1146
878,1146
545,1147
878,1147
999,1148
513,1148
999,1149
513,1149
812,1150
958,1150
812,1151
958,1151
608,1152
965,1152
608,1153
965,1153
920,1154
718,1154
920,1155
718,1155
772,1156
942,1156
772,1157
942,1157
556,1158
728,1158
556,1159
728,1159
962,1160
654,1160
962,1161
654,1161
766,1162
982,1162
766,1163
982,1163
683,1164
740,1164
683,1165
740,1165
636,1166
566,1166
636,1167
566,1167
929,1168
613,1168
929,1169
613,1169
688,1170
880,1170
688,1171
880,1171
674,1172
587,1172
674,1173
587,1173
943,1174
653,1174
943,1175
653,1175
651,1176
808,1176
651,1177
808,1177
544,1178
523,1178
544,1179
523,1179
510,1180
767,1180
510,1181
767,1181
868,1182
738,1182
868,1183
738,1183
624,1184
933,1184
624,1185
933,1185
754,1186
590,1186
754,1187
590,1187
711,1188
673,1188
711,1189
673,1189
561,1190
937,1190
561,1191
937,1191
747,1192
606,1192
747,1193
606,1193
733,1194
507,1194
733,1195
507,1195
758,1196
852,1196
758,1197
852,1197
744,1198
952,1198
744,1199
952,1199
897,1200
685,1200
897,1201
685,1201
849,1202
803,1202
849,1203
803,1203
970,1204
835,1204
970,1205
835,1205
787,1206
557,1206
787,1207
557,1207
579,1208
699,1208
579,1209
699,1209
519,1210
989,1210
519,1211
989,1211
725,1212
612,1212
725,1213
612,1213
504,1214
643,1214
504,1215
643,1215
668,1216
895,1216
668,1217
895,1217
564,1218
903,1218
564,1219
903,1219
826,1220
509,1220
826,1221
509,1221
814,1222
848,1222
814,1223
848,1223
824,1224
620,1224
824,1225
620,1225
913,1226
911,1226
913,1227
911,1227
901,1228
563,1228
901,1229
563,1229
702,1230
663,1230
702,1231
663,1231
589,1232
988,1232
589,1233
988,1233
815,1234
818,1234
815,1235
818,1235
670,1236
773,1236
670,1237
773,1237
715,1238
762,1238
715,1239
762,1239
530,1240
831,1240
530,1241
831,1241
957,1242
946,1242
957,1243
946,1243
816,1244
854,1244
816,1245
854,1245
656,1246
713,1246
656,1247
713,1247
975,1248
926,1248
975,1249
926,1249
536,1250
598,1250
536,1251
598,1251
672,1252
641,1252
672,1253
641,1253
980,1254
649,1254
980,1255
649,1255
778,1256
532,1256
778,1257
532,1257
524,1258
565,1258
524,1259
565,1259
631,1260
552,1260
631,1261
552,1261
627,1262
914,1262
627,1263
914,1263
734,1264
666,1264
734,1265
666,1265
797,1266
842,1266
797,1267
842,1267
647,1268
873,1268
647,1269
873,1269
851,1270
894,1270
851,1271
894,1271
875,1272
642,1272
875,1273
642,1273
932,1274
705,1274
932,1275
705,1275
879,1276
953,1276
879,1277
953,1277
997,1278
581,1278
997,1279
581,1279
709,1280
827,1280
709,1281
827,1281
537,1282
697,1282
537,1283
697,1283
739,1284
843,1284
739,1285
843,1285
991,1286
742,1286
991,1287
742,1287
660,1288
986,1288
660,1289
986,1289
716,1290
708,1290
716,1291
708,1291
694,1292
992,1292
694,1293
992,1293
770,1294
686,1294
770,1295
686,1295
881,1296
745,1296
881,1297
745,1297
955,1298
761,1298
955,1299
761,1299
949,1300
604,1300
949,1301
604,1301
652,1302
615,1302
652,1303
615,1303
780,1304
681,1304
780,1305
681,1305
850,1306
657,1306
850,1307
657,1307
755,1308
801,1308
755,1309
801,1309
609,1310
727,1310
609,1311
727,1311
998,1312
813,1312
998,1313
813,1313
693,1314
968,1314
693,1315
968,1315
531,1316
896,1316
531,1317
896,1317
964,1318
512,1318
964,1319
512,1319
502,1320
533,1320
502,1321
533,1321
902,1322
983,1322
902,1323
983,1323
731,1324
714,1324
731,1325
714,1325
554,1326
746,1326
554,1327
746,1327
898,1328
918,1328
898,1329
918,1329
690,1330
578,1330
690,1331
578,1331
569,1332
639,1332
569,1333
639,1333
743,1334
834,1334
743,1335
834,1335
885,1336
908,1336
885,1337
908,1337
809,1338
967,1338
809,1339
967,1339
505,1340
836,1340
505,1341
836,1341
841,1342
538,1342
841,1343
538,1343
978,1344
596,1344
978,1345
596,1345
833,1346
640,1346
833,1347
640,1347
547,1348
689,1348
547,1349
689,1349
721,1350
628,1350
721,1351
628,1351
539,1352
611,1352
539,1353
611,1353
874,1354
823,1354
874,1355
823,1355
543,1356
971,1356
543,1357
971,1357
630,1358
582,1358
630,1359
582,1359
765,1360
568,1360
765,1361
568,1361
574,1362
610,1362
574,1363
610,1363
785,1364
588,1364
785,1365
588,1365
938,1366
735,1366
938,1367
735,1367
768,1368
580,1368
768,1369
580,1369
906,1370
857,1370
906,1371
857,1371
559,1372
859,1372
559,1373
859,1373
985,1374
662,1374
985,1375
662,1375
677,1376
695,1376
677,1377
695,1377
520,1378
794,1378
520,1379
794,1379
633,1380
996,1380
633,1381
996,1381
522,1382
915,1382
522,1383
915,1383
951,1384
701,1384
951,1385
701,1385
799,1386
592,1386
799,1387
592,1387
820,1388
923,1388
820,1389
923,1389
844,1390
907,1390
844,1391
907,1391
769,1392
928,1392
769,1393
928,1393
884,1394
661,1394
884,1395
661,1395
614,1396
916,1396
614,1397
916,1397
558,1398
783,1398
558,1399
783,1399
845,1400
948,1400
845,1401
948,1401
811,1402
529,1402
811,1403
529,1403
788,1404
860,1404
788,1405
860,1405
664,1406
655,1406
664,1407
655,1407
891,1408
514,1408
891,1409
514,1409
570,1410
840,1410
570,1411
840,1411
871,1412
517,1412
871,1413
517,1413
526,1414
927,1414
526,1415
927,1415
723,1416
573,1416
723,1417
573,1417
961,1418
790,1418
961,1419
790,1419
635,1420
506,1420
635,1421
506,1421
719,1422
934,1422
719,1423
934,1423
658,1424
856,1424
658,1425
856,1425
748,1426
736,1426
748,1427
736,1427
525,1428
973,1428
525,1429
973,1429
737,1430
893,1430
737,1431
893,1431
806,1432
676,1432
806,1433
676,1433
995,1434
671,1434
995,1435
671,1435
571,1436
782,1436
571,1437
782,1437
798,1438
691,1438
798,1439
691,1439
865,1440
910,1440
865,1441
910,1441
698,1442
984,1442
698,1443
984,1443
954,1444
577,1444
954,1445
577,1445
867,1446
732,1446
867,1447
732,1447
959,1448
583,1448
959,1449
583,1449
795,1450
853,1450
795,1451
853,1451
623,1452
838,1452
623,1453
838,1453
601,1454
935,1454
601,1455
935,1455
892,1456
595,1456
892,1457
595,1457
621,1458
548,1458
621,1459
548,1459
644,1460
679,1460
644,1461
679,1461
919,1462
756,1462
919,1463
756,1463
981,1464
750,1464
981,1465
750,1465
682,1466
869,1466
682,1467
869,1467
618,1468
931,1468
618,1469
931,1469
909,1470
900,1470
909,1471
900,1471
922,1472
829,1472
922,1473
829,1473
863,1474
591,1474
863,1475
591,1475
726,1476
862,1476
726,1477
862,1477
969,1478
786,1478
969,1479
786,1479
521,1480
700,1480
521,1481
700,1481
777,1482
757,1482
777,1483
757,1483
792,1484
796,1484
792,1485
796,1485
810,1486
551,1486
810,1487
551,1487
819,1488
549,1488
819,1489
549,1489
759,1490
704,1490
759,1491
704,1491
667,1492
752,1492
667,1493
752,1493
706,1494
753,1494
706,1495
753,1495
605,1496
774,1496
605,1497
774,1497
941,1498
542,1498
941,1499
542,1499
1250,1500
1080,1500
1250,1501
1080,1501
1217,1502
1426,1502
1217,1503
1426,1503
1071,1504
1011,1504
1071,1505
1011,1505
1262,1506
1088,1506
1262,1507
1088,1507
1076,1508
1359,1508
1076,1509
1359,1509
1309,1510
1034,1510
1309,1511
1034,1511
1145,1512
1356,1512
1145,1513
1356,1513
1226,1514
1390,1514
1226,1515
1390,1515
1119,1516
1296,1516
1119,1517
1296,1517
1276,1518
1424,1518
1276,1519
1424,1519
1225,1520
1091,1520
1225,1521
1091,1521
1210,1522
1476,1522
1210,1523
1476,1523
1434,1524
1135,1524
1434,1525
1135,1525
1435,1526
1254,1526
1435,1527
1254,1527
1092,1528
1374,1528
1092,1529
1374,1529
1433,1530
1188,1530
1433,1531
1188,1531
1224,1532
1295,1532
1224,1533
1295,1533
1299,1534
1440,1534
1299,1535
1440,1535
1280,1536
1074,1536
1280,1537
1074,1537
1391,1538
1220,1538
1391,1539
1220,1539
1308,1540
1146,1540
1308,1541
1146,1541
1132,1542
1133,1542
1132,1543
1133,1543
1229,1544
1454,1544
1229,1545
1454,1545
1095,1546
1398,1546
1095,1547
1398,1547
1301,1548
1395,1548
1301,1549
1395,1549
1315,1550
1035,1550
1315,1551
1035,1551
1241,1552
1040,1552
1241,1553
1040,1553
1152,1554
1087,1554
1152,1555
1087,1555
1066,1556
1417,1556
1066,1557
1417,1557
1218,1558
1257,1558
1218,1559
1257,1559
1376,1560
1285,1560
1376,1561
1285,1561
1238,1562
1369,1562
1238,1563
1369,1563
1182,1564
1043,1564
1182,1565
1043,1565
1367,1566
1475,1566
1367,1567
1475,1567
1397,1568
1193,1568
1397,1569
1193,1569
1015,1570
1463,1570
1015,1571
1463,1571
1326,1572
1468,1572
1326,1573
1468,1573
1009,1574
1491,1574
1009,1575
1491,1575
1338,1576
1441,1576
1338,1577
1441,1577
1498,1578
1181,1578
1498,1579
1181,1579
1231,1580
1143,1580
1231,1581
1143,1581
1079,1582
1428,1582
1079,1583
1428,1583
1038,1584
1322,1584
1038,1585
1322,1585
1096,1586
1121,1586
1096,1587
1121,1587
1214,1588
1460,1588
1214,1589
1460,1589
1159,1590
1275,1590
1159,1591
1275,1591
1068,1592
1005,1592
1068,1593
1005,1593
1239,1594
1103,1594
1239,1595
1103,1595
1243,1596
1221,1596
1243,1597
1221,1597
1049,1598
1485,1598
1049,1599
1485,1599
1445,1600
1251,1600
1445,1601
1251,1601
1033,1602
1045,1602
1033,1603
1045,1603
1176,1604
1020,1604
1176,1605
1020,1605
1458,1606
1404,1606
1458,1607
1404,1607
1420,1608
1048,1608
1420,1609
1048,1609
1195,1610
1046,1610
1195,1611
1046,1611
1208,1612
1014,1612
1208,1613
1014,1613
1060,1614
1207,1614
1060,1615
1207,1615
1032,1616
1136,1616
1032,1617
1136,1617
1151,1618
1494,1618
1151,1619
1494,1619
1236,1620
1411,1620
1236,1621
1411,1621
1372,1622
1054,1622
1372,1623
1054,1623
1444,1624
1216,1624
1444,1625
1216,1625
1131,1626
1380,1626
1131,1627
1380,1627
1125,1628
1450,1628
1125,1629
1450,1629
1160,1630
1337,1630
1160,1631
1337,1631
1202,1632
1451,1632
1202,1633
1451,1633
1024,1634
1062,1634
1024,1635
1062,1635
1123,1636
1287,1636
1123,1637
1287,1637
1392,1638
1386,1638
1392,1639
1386,1639
1041,1640
1142,1640
1041,1641
1142,1641
1319,1642
1259,1642
1319,1643
1259,1643
1375,1644
1027,1644
1375,1645
1027,1645
1423,1646
1061,1646
1423,1647
1061,1647
1204,1648
1361,1648
1204,1649
1361,1649
1467,1650
1266,1650
1467,1651
1266,1651
1115,1652
1253,1652
1115,1653
1253,1653
1227,1654
1157,1654
1227,1655
1157,1655
1293,1656
1334,1656
1293,1657
1334,1657
1039,1658
1183,1658
1039,1659
1183,1659
1333,1660
1481,1660
1333,1661
1481,1661
1357,1662
1269,1662
1357,1663
1269,1663
1401,1664
1090,1664
1401,1665
1090,1665
1018,1666
1452,1666
1018,1667
1452,1667
1242,1668
1012,1668
1242,1669
1012,1669
1288,1670
1469,1670
1288,1671
1469,1671
1327,1672
1058,1672
1327,1673
1058,1673
1064,1674
1305,1674
1064,1675
1305,1675
1205,1676
1291,1676
1205,1677
1291,1677
1130,1678
1209,1678
1130,1679
1209,1679
1147,1680
1345,1680
1147,1681
1345,1681
1421,1682
1056,1682
1421,1683
1056,1683
1162,1684
1394,1684
1162,1685
1394,1685
1328,1686
1128,1686
1328,1687
1128,1687
1270,1688
1402,1688
1270,1689
1402,1689
1021,1690
1164,1690
1021,1691
1164,1691
1072,1692
1196,1692
1072,1693
1196,1693
1007,1694
1311,1694
1007,1695
1311,1695
1487,1696
1360,1696
1487,1697
1360,1697
1453,1698
1232,1698
1453,1699
1232,1699
1268,1700
1261,1700
1268,1701
1261,1701
1104,1702
1070,1702
1104,1703
1070,1703
1057,1704
1260,1704
1057,1705
1260,1705
1459,1706
1246,1706
1459,1707
1246,1707
1171,1708
1471,1708
1171,1709
1471,1709
1186,1710
1484,1710
1186,1711
1484,1711
1187,1712
1307,1712
1187,1713
1307,1713
1364,1714
1077,1714
1364,1715
1077,1715
1117,1716
1191,1716
1117,1717
1191,1717
1156,1718
1358,1718
1156,1719
1358,1719
1378,1720
1084,1720
1378,1721
1084,1721
1029,1722
1431,1722
1029,1723
1431,1723
1292,1724
1455,1724
1292,1725
1455,1725
1141,1726
1462,1726
1141,1727
1462,1727
1350,1728
1354,1728
1350,1729
1354,1729
1138,1730
1161,1730
1138,1731
1161,1731
1235,1732
1437,1732
1235,1733
1437,1733
1415,1734
1165,1734
1415,1735
1165,1735
1405,1736
1036,1736
1405,1737
1036,1737
1256,1738
1067,1738
1256,1739
1067,1739
1340,1740
1004,1740
1340,1741
1004,1741
1388,1742
1055,1742
1388,1743
1055,1743
1022,1744
1044,1744
1022,1745
1044,1745
1349,1746
1206,1746
1349,1747
1206,1747
1111,1748
1189,1748
1111,1749
1189,1749
1047,1750
1059,1750
1047,1751
1059,1751
1108,1752
1400,1752
1108,1753
1400,1753
1100,1754
1413,1754
1100,1755
1413,1755
1179,1756
1406,1756
1179,1757
1406,1757
1185,1758
1466,1758
1185,1759
1466,1759
1310,1760
1366,1760
1310,1761
1366,1761
1194,1762
1255,1762
1194,1763
1255,1763
1247,1764
1384,1764
1247,1765
1384,1765
1430,1766
1461,1766
1430,1767
1461,1767
1416,1768
1489,1768
1416,1769
1489,1769
1082,1770
1351,1770
1082,1771
1351,1771
1439,1772
1279,1772
1439,1773
1279,1773
1166,1774
1013,1774
1166,1775
1013,1775
1422,1776
1026,1776
1422,1777
1026,1777
1353,1778
1139,1778
1353,1779
1139,1779
1331,1780
1116,1780
1331,1781
1116,1781
1408,1782
1001,1782
1408,1783
1001,1783
1429,1784
1277,1784
1429,1785
1277,1785
1025,1786
1274,1786
1025,1787
1274,1787
1336,1788
1107,1788
1336,1789
1107,1789
1252,1790
1042,1790
1252,1791
1042,1791
1294,1792
1339,1792
1294,1793
1339,1793
1355,1794
1198,1794
1355,1795
1198,1795
1180,1796
1316,1796
1180,1797
1316,1797
1304,1798
1346,1798
1304,1799
1346,1799
1472,1800
1373,1800
1472,1801
1373,1801
1342,1802
1263,1802
1342,1803
1263,1803
1249,1804
1278,1804
1249,1805
1278,1805
1414,1806
1083,1806
1414,1807
1083,1807
1438,1808
1448,1808
1438,1809
1448,1809
1490,1810
1010,1810
1490,1811
1010,1811
1419,1812
1442,1812
1419,1813
1442,1813
1464,1814
1418,1814
1464,1815
1418,1815
1006,1816
1282,1816
1006,1817
1282,1817
1234,1818
1200,1818
1234,1819
1200,1819
1382,1820
1497,1820
1382,1821
1497,1821
1118,1822
1446,1822
1118,1823
1446,1823
1244,1824
1126,1824
1244,1825
1126,1825
1000,1826
1273,1826
1000,1827
1273,1827
1073,1828
1286,1828
1073,1829
1286,1829
1457,1830
1410,1830
1457,1831
1410,1831
1343,1832
1063,1832
1343,1833
1063,1833
1230,1834
1447,1834
1230,1835
1447,1835
1037,1836
1201,1836
1037,1837
1201,1837
1479,1838
1154,1838
1479,1839
1154,1839
1134,1840
1407,1840
1134,1841
1407,1841
1271,1842
1105,1842
1271,1843
1105,1843
1289,1844
1163,1844
1289,1845
1163,1845
1348,1846
1245,1846
1348,1847
1245,1847
1050,1848
1150,1848
1050,1849
1150,1849
1124,1850
1377,1850
1124,1851
1377,1851
1313,1852
1425,1852
1313,1853
1425,1853
1371,1854
1120,1854
1371,1855
1120,1855
1178,1856
1211,1856
1178,1857
1211,1857
1137,1858
1237,1858
1137,1859
1237,1859
1258,1860
1381,1860
1258,1861
1381,1861
1168,1862
1175,1862
1168,1863
1175,1863
1321,1864
1069,1864
1321,1865
1069,1865
1169,1866
1114,1866
1169,1867
1114,1867
1016,1868
1112,1868
1016,1869
1112,1869
1264,1870
1362,1870
1264,1871
1362,1871
1173,1872
1432,1872
1173,1873
1432,1873
1002,1874
1389,1874
1002,1875
1389,1875
1222,1876
1379,1876
1222,1877
1379,1877
1228,1878
1167,1878
1228,1879
1167,1879
1283,1880
1174,1880
1283,1881
1174,1881
1149,1882
1110,1882
1149,1883
1110,1883
1320,1884
1106,1884
1320,1885
1106,1885
1482,1886
1153,1886
1482,1887
1153,1887
1184,1888
1023,1888
1184,1889
1023,1889
1325,1890
1324,1890
1325,1891
1324,1891
1385,1892
1053,1892
1385,1893
1053,1893
1449,1894
1019,1894
1449,1895
1019,1895
1101,1896
1272,1896
1101,1897
1272,1897
1170,1898
1008,1898
1170,1899
1008,1899
1493,1900
1030,1900
1493,1901
1030,1901
1031,1902
1477,1902
1031,1903
1477,1903
1265,1904
1172,1904
1265,1905
1172,1905
1098,1906
1199,1906
1098,1907
1199,1907
1387,1908
1496,1908
1387,1909
1496,1909
1113,1910
1003,1910
1113,1911
1003,1911
1190,1912
1148,1912
1190,1913
1148,1913
1323,1914
1499,1914
1323,1915
1499,1915
1075,1916
1109,1916
1075,1917
1109,1917
1219,1918
1127,1918
1219,1919
1127,1919
1129,1920
1306,1920
1129,1921
1306,1921
1212,1922
1248,1922
1212,1923
1248,1923
1488,1924
1314,1924
1488,1925
1314,1925
1483,1926
1281,1926
1483,1927
1281,1927
1097,1928
1303,1928
1097,1929
1303,1929
1412,1930
1140,1930
1412,1931
1140,1931
1094,1932
1332,1932
1094,1933
1332,1933
1403,1934
1399,1934
1403,1935
1399,1935
1213,1936
1215,1936
1213,1937
1215,1937
1300,1938
1370,1938
1300,1939
1370,1939
1085,1940
1177,1940
1085,1941
1177,1941
1284,1942
1017,1942
1284,1943
1017,1943
1302,1944
1465,1944
1302,1945
1465,1945
1335,1946
1312,1946
1335,1947
1312,1947
1086,1948
1155,1948
1086,1949
1155,1949
1297,1950
1102,1950
1297,1951
1102,1951
1492,1952
1480,1952
1492,1953
1480,1953
1486,1954
1368,1954
1486,1955
1368,1955
1474,1956
1233,1956
1474,1957
1233,1957
1318,1958
1089,1958
1318,1959
1089,1959
1267,1960
1427,1960
1267,1961
1427,1961
1158,1962
1341,1962
1158,1963
1341,1963
1352,1964
1093,1964
1352,1965
1093,1965
1317,1966
1363,1966
1317,1967
1363,1967
1383,1968
1495,1968
1383,1969
1495,1969
1478,1970
1443,1970
1478,1971
1443,1971
1052,1972
1330,1972
1052,1973
1330,1973
1470,1974
1051,1974
1470,1975
1051,1975
1290,1976
1203,1976
1290,1977
1203,1977
1065,1978
1409,1978
1065,1979
1409,1979
1078,1980
1099,1980
1078,1981
1099,1981
1365,1982
1081,1982
1365,1983
1081,1983
1456,1984
1240,1984
1456,1985
1240,1985
1122,1986
1393,1986
1122,1987
1393,1987
1192,1988
1329,1988
1192,1989
1329,1989
1144,1990
1223,1990
1144,1991
1223,1991
1298,1992
1436,1992
1298,1993
1436,1993
1396,1994
1473,1994
1396,1995
1473,1995
1028,1996
1197,1996
1028,1997
1197,1997
1344,1998
1347,1998
1344,1999
1347,1999
1543,2000
1931,2000
1543,2001
1931,2001
1557,2002
1658,2002
1557,2003
1658,2003
1763,2004
1818,2004
1763,2005
1818,2005
1847,2006
1755,2006
1847,2007
1755,2007
1878,2008
1860,2008
1878,2009
1860,2009
1846,2010
1546,2010
1846,2011
1546,2011
1514,2012
1823,2012
1514,2013
1823,2013
1888,2014
1504,2014
1888,2015
1504,2015
1616,2016
1794,2016
1616,2017
1794,2017
1644,2018
1556,2018
1644,2019
1556,2019
1577,2020
1722,2020
1577,2021
1722,2021
1660,2022
1575,2022
1660,2023
1575,2023
1521,2024
1662,2024
1521,2025
1662,2025
1780,2026
1876,2026
1780,2027
1876,2027
1998,2028
1867,2028
1998,2029
1867,2029
1947,2030
1828,2030
1947,2031
1828,2031
1584,2032
1562,2032
1584,2033
1562,2033
1743,2034
1770,2034
1743,2035
1770,2035
1765,2036
1518,2036
1765,2037
1518,2037
1542,2038
1707,2038
1542,2039
1707,2039
1679,2040
1602,2040
1679,2041
1602,2041
1699,2042
1803,2042
1699,2043
1803,2043
1967,2044
1716,2044
1967,2045
1716,2045
1837,2046
1505,2046
1837,2047
1505,2047
1906,2048
1702,2048
1906,2049
1702,2049
1561,2050
1935,2050
1561,2051
1935,2051
1700,2052
1573,2052
1700,2053
1573,2053
1881,2054
1854,2054
1881,2055
1854,2055
1572,2056
1523,2056
1572,2057
1523,2057
1840,2058
1528,2058
1840,2059
1528,2059
1893,2060
1887,2060
1893,2061
1887,2061
1977,2062
1522,2062
1977,2063
1522,2063
1980,2064
1622,2064
1980,2065
1622,2065
1664,2066
1918,2066
1664,2067
1918,2067
1678,2068
1787,2068
1678,2069
1787,2069
1563,2070
1594,2070
1563,2071
1594,2071
1692,2072
1845,2072
1692,2073
1845,2073
1517,2074
1769,2074
1517,2075
1769,2075
1752,2076
1891,2076
1752,2077
1891,2077
1694,2078
1826,2078
1694,2079
1826,2079
1940,2080
1979,2080
1940,2081
1979,2081
1833,2082
1830,2082
1833,2083
1830,2083
1990,2084
1674,2084
1990,2085
1674,2085
1771,2086
1872,2086
1771,2087
1872,2087
1753,2088
1511,2088
1753,2089
1511,2089
1733,2090
1559,2090
1733,2091
1559,2091
1982,2092
1795,2092
1982,2093
1795,2093
1566,2094
1554,2094
1566,2095
1554,2095
1624,2096
1910,2096
1624,2097
1910,2097
1948,2098
1640,2098
1948,2099
1640,2099
1793,2100
1907,2100
1793,2101
1907,2101
1899,2102
1890,2102
1899,2103
1890,2103
1618,2104
1695,2104
1618,2105
1695,2105
1809,2106
1973,2106
1809,2107
1973,2107
1536,2108
1597,2108
1536,2109
1597,2109
1883,2110
1992,2110
1883,2111
1992,2111
1801,2112
1796,2112
1801,2113
1796,2113
1583,2114
1621,2114
1583,2115
1621,2115
1925,2116
1569,2116
1925,2117
1569,2117
1821,2118
1506,2118
1821,2119
1506,2119
1855,2120
1926,2120
1855,2121
1926,2121
1905,2122
1802,2122
1905,2123
1802,2123
1813,2124
1966,2124
1813,2125
1966,2125
1944,2126
1751,2126
1944,2127
1751,2127
1986,2128
1638,2128
1986,2129
1638,2129
1774,2130
1897,2130
1774,2131
1897,2131
1620,2132
1703,2132
1620,2133
1703,2133
1544,2134
1625,2134
1544,2135
1625,2135
1568,2136
1553,2136
1568,2137
1553,2137
1685,2138
1822,2138
1685,2139
1822,2139
1645,2140
1921,2140
1645,2141
1921,2141
1529,2142
1627,2142
1529,2143
1627,2143
1922,2144
1810,2144
1922,2145
1810,2145
1606,2146
1965,2146
1606,2147
1965,2147
1587,2148
1715,2148
1587,2149
1715,2149
1819,2150
1693,2150
1819,2151
1693,2151
1983,2152
1943,2152
1983,2153
1943,2153
1972,2154
1593,2154
1972,2155
1593,2155
1945,2156
1995,2156
1945,2157
1995,2157
1985,2158
1760,2158
1985,2159
1760,2159
1683,2160
1889,2160
1683,2161
1889,2161
1686,2162
1799,2162
1686,2163
1799,2163
1927,2164
1628,2164
1927,2165
1628,2165
1894,2166
1527,2166
1894,2167
1527,2167
1901,2168
1670,2168
1901,2169
1670,2169
1516,2170
1831,2170
1516,2171
1831,2171
1865,2172
1535,2172
1865,2173
1535,2173
1952,2174
1851,2174
1952,2175
1851,2175
1525,2176
1880,2176
1525,2177
1880,2177
1720,2178
1739,2178
1720,2179
1739,2179
1909,2180
1534,2180
1909,2181
1534,2181
1869,2182
1537,2182
1869,2183
1537,2183
1717,2184
1859,2184
1717,2185
1859,2185
1779,2186
1676,2186
1779,2187
1676,2187
1509,2188
1541,2188
1509,2189
1541,2189
1960,2190
1861,2190
1960,2191
1861,2191
1791,2192
1601,2192
1791,2193
1601,2193
1718,2194
1551,2194
1718,2195
1551,2195
1886,2196
1507,2196
1886,2197
1507,2197
1745,2198
1914,2198
1745,2199
1914,2199
1742,2200
1708,2200
1742,2201
1708,2201
1842,2202
1884,2202
1842,2203
1884,2203
1652,2204
1643,2204
1652,2205
1643,2205
1531,2206
1994,2206
1531,2207
1994,2207
1853,2208
1923,2208
1853,2209
1923,2209
1929,2210
1615,2210
1929,2211
1615,2211
1613,2212
1719,2212
1613,2213
1719,2213
1964,2214
1736,2214
1964,2215
1736,2215
1571,2216
1783,2216
1571,2217
1783,2217
1612,2218
1580,2218
1612,2219
1580,2219
1817,2220
1812,2220
1817,2221
1812,2221
1698,2222
1788,2222
1698,2223
1788,2223
1843,2224
1545,2224
1843,2225
1545,2225
1651,2226
1969,2226
1651,2227
1969,2227
1959,2228
1513,2228
1959,2229
1513,2229
1684,2230
1680,2230
1684,2231
1680,2231
1919,2232
1814,2232
1919,2233
1814,2233
1786,2234
1672,2234
1786,2235
1672,2235
1824,2236
1654,2236
1824,2237
1654,2237
1913,2238
1591,2238
1913,2239
1591,2239
1524,2240
1642,2240
1524,2241
1642,2241
1768,2242
1592,2242
1768,2243
1592,2243
1924,2244
1798,2244
1924,2245
1798,2245
1570,2246
1682,2246
1570,2247
1682,2247
1856,2248
1896,2248
1856,2249
1896,2249
1565,2250
1530,2250
1565,2251
1530,2251
1759,2252
1714,2252
1759,2253
1714,2253
1726,2254
1533,2254
1726,2255
1533,2255
1696,2256
1689,2256
1696,2257
1689,2257
1871,2258
1611,2258
1871,2259
1611,2259
1637,2260
1579,2260
1637,2261
1579,2261
1974,2262
1738,2262
1974,2263
1738,2263
1712,2264
1687,2264
1712,2265
1687,2265
1710,2266
1500,2266
1710,2267
1500,2267
1767,2268
1949,2268
1767,2269
1949,2269
1958,2270
1773,2270
1958,2271
1773,2271
1705,2272
1987,2272
1705,2273
1987,2273
1732,2274
1626,2274
1732,2275
1626,2275
1784,2276
1635,2276
1784,2277
1635,2277
1564,2278
1781,2278
1564,2279
1781,2279
1604,2280
1902,2280
1604,2281
1902,2281
1578,2282
1898,2282
1578,2283
1898,2283
1655,2284
1741,2284
1655,2285
1741,2285
1792,2286
1688,2286
1792,2287
1688,2287
1648,2288
1744,2288
1648,2289
1744,2289
1957,2290
1996,2290
1957,2291
1996,2291
1748,2292
1729,2292
1748,2293
1729,2293
1968,2294
1862,2294
1968,2295
1862,2295
1631,2296
1785,2296
1631,2297
1785,2297
1675,2298
1730,2298
1675,2299
1730,2299
1978,2300
1956,2300
1978,2301
1956,2301
1690,2302
1576,2302
1690,2303
1576,2303
1713,2304
1558,2304
1713,2305
1558,2305
1668,2306
1863,2306
1668,2307
1863,2307
1549,2308
1885,2308
1549,2309
1885,2309
1619,2310
1555,2310
1619,2311
1555,2311
1941,2312
1892,2312
1941,2313
1892,2313
1762,2314
1588,2314
1762,2315
1588,2315
1937,2316
1955,2316
1937,2317
1955,2317
1633,2318
1981,2318
1633,2319
1981,2319
1747,2320
1850,2320
1747,2321
1850,2321
1610,2322
1650,2322
1610,2323
1650,2323
1950,2324
1519,2324
1950,2325
1519,2325
1641,2326
1915,2326
1641,2327
1915,2327
1868,2328
1581,2328
1868,2329
1581,2329
1942,2330
1623,2330
1942,2331
1623,2331
1962,2332
1598,2332
1962,2333
1598,2333
1721,2334
1595,2334
1721,2335
1595,2335
1653,2336
1634,2336
1653,2337
1634,2337
1975,2338
1502,2338
1975,2339
1502,2339
1858,2340
1540,2340
1858,2341
1540,2341
1510,2342
1731,2342
1510,2343
1731,2343
1939,2344
1836,2344
1939,2345
1836,2345
1864,2346
1600,2346
1864,2347
1600,2347
1920,2348
1617,2348
1920,2349
1617,2349
1866,2350
1723,2350
1866,2351
1723,2351
1657,2352
1766,2352
1657,2353
1766,2353
1501,2354
1709,2354
1501,2355
1709,2355
1976,2356
1877,2356
1976,2357
1877,2357
1970,2358
1630,2358
1970,2359
1630,2359
1663,2360
1875,2360
1663,2361
1875,2361
1800,2362
1988,2362
1800,2363
1988,2363
1936,2364
1882,2364
1936,2365
1882,2365
1567,2366
1971,2366
1567,2367
1971,2367
1599,2368
1841,2368
1599,2369
1841,2369
1797,2370
1912,2370
1797,2371
1912,2371
1532,2372
1667,2372
1532,2373
1667,2373
1711,2374
1908,2374
1711,2375
1908,2375
1834,2376
1704,2376
1834,2377
1704,2377
1816,2378
1984,2378
1816,2379
1984,2379
1789,2380
1647,2380
1789,2381
1647,2381
1928,2382
1673,2382
1928,2383
1673,2383
1989,2384
1725,2384
1989,2385
1725,2385
1734,2386
1728,2386
1734,2387
1728,2387
1870,2388
1515,2388
1870,2389
1515,2389
1782,2390
1916,2390
1782,2391
1916,2391
1550,2392
1706,2392
1550,2393
1706,2393
1665,2394
1805,2394
1665,2395
1805,2395
1808,2396
1614,2396
1808,2397
1614,2397
1585,2398
1538,2398
1585,2399
1538,2399
1586,2400
1547,2400
1586,2401
1547,2401
1639,2402
1900,2402
1639,2403
1900,2403
1903,2404
1754,2404
1903,2405
1754,2405
1946,2406
1852,2406
1946,2407
1852,2407
1552,2408
1590,2408
1552,2409
1590,2409
1790,2410
1677,2410
1790,2411
1677,2411
1605,2412
1609,2412
1605,2413
1609,2413
1666,2414
1757,2414
1666,2415
1757,2415
1815,2416
1596,2416
1815,2417
1596,2417
1608,2418
1746,2418
1608,2419
1746,2419
1750,2420
1740,2420
1750,2421
1740,2421
1589,2422
1963,2422
1589,2423
1963,2423
1775,2424
1839,2424
1775,2425
1839,2425
1934,2426
1701,2426
1934,2427
1701,2427
1756,2428
1539,2428
1756,2429
1539,2429
1953,2430
1849,2430
1953,2431
1849,2431
1548,2432
1512,2432
1548,2433
1512,2433
1835,2434
1838,2434
1835,2435
1838,2435
1646,2436
1811,2436
1646,2437
1811,2437
1873,2438
1827,2438
1873,2439
1827,2439
1629,2440
1603,2440
1629,2441
1603,2441
1735,2442
1961,2442
1735,2443
1961,2443
1777,2444
1993,2444
1777,2445
1993,2445
1844,2446
1825,2446
1844,2447
1825,2447
1574,2448
1951,2448
1574,2449
1951,2449
1582,2450
1772,2450
1582,2451
1772,2451
1681,2452
1829,2452
1681,2453
1829,2453
1526,2454
1806,2454
1526,2455
1806,2455
1727,2456
1669,2456
1727,2457
1669,2457
1904,2458
1761,2458
1904,2459
1761,2459
1649,2460
1938,2460
1649,2461
1938,2461
1749,2462
1737,2462
1749,2463
1737,2463
1954,2464
1778,2464
1954,2465
1778,2465
1997,2466
1636,2466
1997,2467
1636,2467
1656,2468
1932,2468
1656,2469
1932,2469
1804,2470
1520,2470
1804,2471
1520,2471
1857,2472
1933,2472
1857,2473
1933,2473
1671,2474
1508,2474
1671,2475
1508,2475
1879,2476
1917,2476
1879,2477
1917,2477
1911,2478
1807,2478
1911,2479
1807,2479
1991,2480
1832,2480
1991,2481
1832,2481
1632,2482
1764,2482
1632,2483
1764,2483
1874,2484
1999,2484
1874,2485
1999,2485
1659,2486
1758,2486
1659,2487
1758,2487
1848,2488
1930,2488
1848,2489
1930,2489
1560,2490
1607,2490
1560,2491
1607,2491
1776,2492
1691,2492
1776,2493
1691,2493
1503,2494
1661,2494
1503,2495
1661,2495
1820,2496
1895,2496
1820,2497
1895,2497
1697,2498
1724,2498
1697,2499
1724,2499
2083,2500
2049,2500
2083,2501
2049,2501
2244,2502
2369,2502
2244,2503
2369,2503
2449,2504
2422,2504
2449,2505
2422,2505
2346,2506
2183,2506
2346,2507
2183,2507
2021,2508
2068,2508
2021,2509
2068,2509
2184,2510
2435,2510
2184,2511
2435,2511
2116,2512
2088,2512
2116,2513
2088,2513
2062,2514
2327,2514
2062,2515
2327,2515
2249,2516
2170,2516
2249,2517
2170,2517
2302,2518
2254,2518
2302,2519
2254,2519
2188,2520
2137,2520
2188,2521
2137,2521
2434,2522
2054,2522
2434,2523
2054,2523
2097,2524
2212,2524
2097,2525
2212,2525
2182,2526
2288,2526
2182,2527
2288,2527
2455,2528
2056,2528
2455,2529
2056,2529
2229,2530
2433,2530
2229,2531
2433,2531
2498,2532
2273,2532
2498,2533
2273,2533
2141,2534
2468,2534
2141,2535
2468,2535
2048,2536
2096,2536
2048,2537
2096,2537
2132,2538
2395,2538
2132,2539
2395,2539
2009,2540
2321,2540
2009,2541
2321,2541
2466,2542
2203,2542
2466,2543
2203,2543
2265,2544
2345,2544
2265,2545
2345,2545
2191,2546
2490,2546
2191,2547
2490,2547
2208,2548
2181,2548
2208,2549
2181,2549
2456,2550
2326,2550
2456,2551
2326,2551
2358,2552
2106,2552
2358,2553
2106,2553
2461,2554
2209,2554
2461,2555
2209,2555
2475,2556
2343,2556
2475,2557
2343,2557
2112,2558
2128,2558
2112,2559
2128,2559
2171,2560
2331,2560
2171,2561
2331,2561
2256,2562
2232,2562
2256,2563
2232,2563
2266,2564
2427,2564
2266,2565
2427,2565
2407,2566
2175,2566
2407,2567
2175,2567
2325,2568
2337,2568
2325,2569
2337,2569
2248,2570
2419,2570
2248,2571
2419,2571
2285,2572
2215,2572
2285,2573
2215,2573
2408,2574
2042,2574
2408,2575
2042,2575
2445,2576
2375,2576
2445,2577
2375,2577
2199,2578
2118,2578
2199,2579
2118,2579
2336,2580
2013,2580
2336,2581
2013,2581
2485,2582
2452,2582
2485,2583
2452,2583
2429,2584
2066,2584
2429,2585
2066,2585
2353,2586
2379,2586
2353,2587
2379,2587
2374,2588
2133,2588
2374,2589
2133,2589
2280,2590
2271,2590
2280,2591
2271,2591
2431,2592
2350,2592
2431,2593
2350,2593
2442,2594
2035,2594
2442,2595
2035,2595
2210,2596
2400,2596
2210,2597
2400,2597
2044,2598
2180,2598
2044,2599
2180,2599
2147,2600
2072,2600
2147,2601
2072,2601
2247,2602
2069,2602
2247,2603
2069,2603
2034,2604
2496,2604
2034,2605
2496,2605
2043,2606
2142,2606
2043,2607
2142,2607
2349,2608
2413,2608
2349,2609
2413,2609
2286,2610
2301,2610
2286,2611
2301,2611
2274,2612
2227,2612
2274,2613
2227,2613
2065,2614
2002,2614
2065,2615
2002,2615
2108,2616
2145,2616
2108,2617
2145,2617
2205,2618
2268,2618
2205,2619
2268,2619
2495,2620
2192,2620
2495,2621
2192,2621
2238,2622
2226,2622
2238,2623
2226,2623
2179,2624
2139,2624
2179,2625
2139,2625
2061,2626
2439,2626
2061,2627
2439,2627
2201,2628
2454,2628
2201,2629
2454,2629
2416,2630
2488,2630
2416,2631
2488,2631
2007,2632
2055,2632
2007,2633
2055,2633
2025,2634
2393,2634
2025,2635
2393,2635
2012,2636
2430,2636
2012,2637
2430,2637
2080,2638
2078,2638
2080,2639
2078,2639
2152,2640
2243,2640
2152,2641
2243,2641
2305,2642
2453,2642
2305,2643
2453,2643
2493,2644
2158,2644
2493,2645
2158,2645
2388,2646
2130,2646
2388,2647
2130,2647
2315,2648
2482,2648
2315,2649
2482,2649
2290,2650
2079,2650
2290,2651
2079,2651
2381,2652
2390,2652
2381,2653
2390,2653
2259,2654
2110,2654
2259,2655
2110,2655
2058,2656
2391,2656
2058,2657
2391,2657
2148,2658
2051,2658
2148,2659
2051,2659
2364,2660
2409,2660
2364,2661
2409,2661
2250,2662
2082,2662
2250,2663
2082,2663
2125,2664
2292,2664
2125,2665
2292,2665
2277,2666
2023,2666
2277,2667
2023,2667
2001,2668
2195,2668
2001,2669
2195,2669
2333,2670
2037,2670
2333,2671
2037,2671
2093,2672
2387,2672
2093,2673
2387,2673
2303,2674
2463,2674
2303,2675
2463,2675
2372,2676
2041,2676
2372,2677
2041,2677
2311,2678
2070,2678
2311,2679
2070,2679
2131,2680
2322,2680
2131,2681
2322,2681
2235,2682
2077,2682
2235,2683
2077,2683
2008,2684
2102,2684
2008,2685
2102,2685
2411,2686
2162,2686
2411,2687
2162,2687
2357,2688
2163,2688
2357,2689
2163,2689
2426,2690
2465,2690
2426,2691
2465,2691
2032,2692
2036,2692
2032,2693
2036,2693
2418,2694
2403,2694
2418,2695
2403,2695
2136,2696
2481,2696
2136,2697
2481,2697
2361,2698
2178,2698
2361,2699
2178,2699
2339,2700
2198,2700
2339,2701
2198,2701
2202,2702
2172,2702
2202,2703
2172,2703
2451,2704
2467,2704
2451,2705
2467,2705
2279,2706
2334,2706
2279,2707
2334,2707
2491,2708
2015,2708
2491,2709
2015,2709
2107,2710
2075,2710
2107,2711
2075,2711
2470,2712
2473,2712
2470,2713
2473,2713
2392,2714
2458,2714
2392,2715
2458,2715
2257,2716
2450,2716
2257,2717
2450,2717
2157,2718
2472,2718
2157,2719
2472,2719
2016,2720
2404,2720
2016,2721
2404,2721
2310,2722
2020,2722
2310,2723
2020,2723
2278,2724
2150,2724
2278,2725
2150,2725
2067,2726
2159,2726
2067,2727
2159,2727
2099,2728
2165,2728
2099,2729
2165,2729
2164,2730
2438,2730
2164,2731
2438,2731
2101,2732
2045,2732
2101,2733
2045,2733
2317,2734
2194,2734
2317,2735
2194,2735
2010,2736
2293,2736
2010,2737
2293,2737
2478,2738
2135,2738
2478,2739
2135,2739
2153,2740
2216,2740
2153,2741
2216,2741
2423,2742
2006,2742
2423,2743
2006,2743
2166,2744
2255,2744
2166,2745
2255,2745
2236,2746
2217,2746
2236,2747
2217,2747
2347,2748
2300,2748
2347,2749
2300,2749
2384,2750
2415,2750
2384,2751
2415,2751
2050,2752
2314,2752
2050,2753
2314,2753
2354,2754
2004,2754
2354,2755
2004,2755
2479,2756
2090,2756
2479,2757
2090,2757
2155,2758
2313,2758
2155,2759
2313,2759
2223,2760
2291,2760
2223,2761
2291,2761
2394,2762
2149,2762
2394,2763
2149,2763
2005,2764
2318,2764
2005,2765
2318,2765
2094,2766
2111,2766
2094,2767
2111,2767
2213,2768
2362,2768
2213,2769
2362,2769
2240,2770
2320,2770
2240,2771
2320,2771
2457,2772
2414,2772
2457,2773
2414,2773
2189,2774
2220,2774
2189,2775
2220,2775
2441,2776
2076,2776
2441,2777
2076,2777
2366,2778
2222,2778
2366,2779
2222,2779
2026,2780
2356,2780
2026,2781
2356,2781
2269,2782
2264,2782
2269,2783
2264,2783
2242,2784
2230,2784
2242,2785
2230,2785
2231,2786
2234,2786
2231,2787
2234,2787
2146,2788
2446,2788
2146,2789
2446,2789
2282,2790
2121,2790
2282,2791
2121,2791
2100,2792
2207,2792
2100,2793
2207,2793
2113,2794
2443,2794
2113,2795
2443,2795
2115,2796
2190,2796
2115,2797
2190,2797
2399,2798
2219,2798
2399,2799
2219,2799
2424,2800
2312,2800
2424,2801
2312,2801
2295,2802
2246,2802
2295,2803
2246,2803
2228,2804
2464,2804
2228,2805
2464,2805
2177,2806
2332,2806
2177,2807
2332,2807
2420,2808
2024,2808
2420,2809
2024,2809
2027,2810
2003,2810
2027,2811
2003,2811
2245,2812
2398,2812
2245,2813
2398,2813
2098,2814
2276,2814
2098,2815
2276,2815
2109,2816
2086,2816
2109,2817
2086,2817
2193,2818
2270,2818
2193,2819
2270,2819
2084,2820
2033,2820
2084,2821
2033,2821
2196,2822
2471,2822
2196,2823
2471,2823
2129,2824
2039,2824
2129,2825
2039,2825
2324,2826
2206,2826
2324,2827
2206,2827
2294,2828
2073,2828
2294,2829
2073,2829
2122,2830
2154,2830
2122,2831
2154,2831
2095,2832
2214,2832
2095,2833
2214,2833
2417,2834
2397,2834
2417,2835
2397,2835
2307,2836
2174,2836
2307,2837
2174,2837
2017,2838
2402,2838
2017,2839
2402,2839
2252,2840
2105,2840
2252,2841
2105,2841
2499,2842
2367,2842
2499,2843
2367,2843
2261,2844
2225,2844
2261,2845
2225,2845
2241,2846
2386,2846
2241,2847
2386,2847
2028,2848
2360,2848
2028,2849
2360,2849
2380,2850
2173,2850
2380,2851
2173,2851
2405,2852
2237,2852
2405,2853
2237,2853
2167,2854
2143,2854
2167,2855
2143,2855
2319,2856
2091,2856
2319,2857
2091,2857
2425,2858
2063,2858
2425,2859
2063,2859
2365,2860
2197,2860
2365,2861
2197,2861
2031,2862
2351,2862
2031,2863
2351,2863
2127,2864
2029,2864
2127,2865
2029,2865
2371,2866
2284,2866
2371,2867
2284,2867
2469,2868
2385,2868
2469,2869
2385,2869
2011,2870
2328,2870
2011,2871
2328,2871
2103,2872
2309,2872
2103,2873
2309,2873
2338,2874
2377,2874
2338,2875
2377,2875
2059,2876
2304,2876
2059,2877
2304,2877
2117,2878
2221,2878
2117,2879
2221,2879
2283,2880
2258,2880
2283,2881
2258,2881
2211,2882
2081,2882
2211,2883
2081,2883
2477,2884
2052,2884
2477,2885
2052,2885
2370,2886
2489,2886
2370,2887
2489,2887
2233,2888
2144,2888
2233,2889
2144,2889
2480,2890
2040,2890
2480,2891
2040,2891
2497,2892
2298,2892
2497,2893
2298,2893
2329,2894
2460,2894
2329,2895
2460,2895
2262,2896
2396,2896
2262,2897
2396,2897
2406,2898
2363,2898
2406,2899
2363,2899
2046,2900
2030,2900
2046,2901
2030,2901
2344,2902
2289,2902
2344,2903
2289,2903
2186,2904
2239,2904
2186,2905
2239,2905
2352,2906
2483,2906
2352,2907
2483,2907
2126,2908
2428,2908
2126,2909
2428,2909
2410,2910
2476,2910
2410,2911
2476,2911
2437,2912
2187,2912
2437,2913
2187,2913
2138,2914
2487,2914
2138,2915
2487,2915
2218,2916
2296,2916
2218,2917
2296,2917
2263,2918
2185,2918
2263,2919
2185,2919
2071,2920
2308,2920
2071,2921
2308,2921
2421,2922
2355,2922
2421,2923
2355,2923
2272,2924
2341,2924
2272,2925
2341,2925
2440,2926
2486,2926
2440,2927
2486,2927
2064,2928
2092,2928
2064,2929
2092,2929
2060,2930
2382,2930
2060,2931
2382,2931
2114,2932
2169,2932
2114,2933
2169,2933
2359,2934
2492,2934
2359,2935
2492,2935
2444,2936
2251,2936
2444,2937
2251,2937
2104,2938
2340,2938
2104,2939
2340,2939
2373,2940
2267,2940
2373,2941
2267,2941
2484,2942
2287,2942
2484,2943
2287,2943
2342,2944
2057,2944
2342,2945
2057,2945
2348,2946
2124,2946
2348,2947
2124,2947
2306,2948
2047,2948
2306,2949
2047,2949
2089,2950
2389,2950
2089,2951
2389,2951
2436,2952
2297,2952
2436,2953
2297,2953
2432,2954
2151,2954
2432,2955
2151,2955
2224,2956
2368,2956
2224,2957
2368,2957
2299,2958
2275,2958
2299,2959
2275,2959
2260,2960
2474,2960
2260,2961
2474,2961
2459,2962
2161,2962
2459,2963
2161,2963
2383,2964
2462,2964
2383,2965
2462,2965
2401,2966
2378,2966
2401,2967
2378,2967
2140,2968
2053,2968
2140,2969
2053,2969
2018,2970
2335,2970
2018,2971
2335,2971
2000,2972
2123,2972
2000,2973
2123,2973
2323,2974
2176,2974
2323,2975
2176,2975
2087,2976
2038,2976
2087,2977
2038,2977
2281,2978
2120,2978
2281,2979
2120,2979
2168,2980
2134,2980
2168,2981
2134,2981
2316,2982
2412,2982
2316,2983
2412,2983
2253,2984
2014,2984
2253,2985
2014,2985
2160,2986
2448,2986
2160,2987
2448,2987
2200,2988
2085,2988
2200,2989
2085,2989
2019,2990
2119,2990
2019,2991
2119,2991
2494,2992
2022,2992
2494,2993
2022,2993
2156,2994
2376,2994
2156,2995
2376,2995
2204,2996
2074,2996
2204,2997
2074,2997
2447,2998
2330,2998
2447,2999
2330,2999
