site_index,position,ancestral_state,derived_state
0,34,0,1
1,38,0,1
2,40,0,1
3,42,0,1
4,44,0,1
5,67,0,1
6,85,0,1
7,106,0,1
8,178,0,1
9,202,0,1
10,236,0,1
11,250,0,1
12,258,0,1
13,292,0,1
14,320,0,1
15,333,0,1
16,385,0,1
17,394,0,1
18,459,0,1
19,495,0,1
20,511,0,1
21,563,0,1
22,578,0,1
23,602,0,1
24,636,0,1
25,672,0,1
26,687,0,1
27,776,0,1
28,779,0,1
29,809,0,1
30,842,0,1
31,871,0,1
32,925,0,1
33,942,0,1
34,967,0,1
35,1053,0,1
36,1088,0,1
37,1204,0,1
38,1211,0,1
39,1227,0,1
40,1284,0,1
41,1306,0,1
42,1387,0,1
43,1389,0,1
44,1510,0,1
45,1513,0,1
46,1545,0,1
47,1563,0,1
48,1585,0,1
49,1606,0,1
50,1630,0,1
51,1647,0,1
52,1655,0,1
53,1656,0,1
54,1719,0,1
55,1752,0,1
56,1797,0,1
57,1813,0,1
58,1838,0,1
59,1847,0,1
60,1851,0,1
61,1861,0,1
62,1872,0,1
63,1881,0,1
64,1932,0,1
65,1976,0,1
66,1978,0,1
67,2049,0,1
68,2074,0,1
69,2115,0,1
70,2131,0,1
71,2142,0,1
72,2168,0,1
73,2175,0,1
74,2181,0,1
75,2247,0,1
76,2366,0,1
77,2373,0,1
78,2379,0,1
79,2395,0,1
80,2436,0,1
81,2574,0,1
82,2577,0,1
83,2609,0,1
84,2669,0,1
85,2687,0,1
86,2767,0,1
87,2781,0,1
88,2784,0,1
89,2793,0,1
90,2808,0,1
91,2817,0,1
92,2825,0,1
93,2831,0,1
94,2871,0,1
95,2922,0,1
96,2949,0,1
97,3027,0,1
98,3084,0,1
99,3087,0,1
100,3106,0,1
101,3197,0,1
102,3200,0,1
103,3229,0,1
104,3237,0,1
105,3288,0,1
106,3320,0,1
107,3353,0,1
108,3491,0,1
109,3525,0,1
110,3609,0,1
111,3622,0,1
112,3623,0,1
113,3628,0,1
114,3633,0,1
115,3659,0,1
116,3738,0,1
117,3756,0,1
118,3924,0,1
119,3948,0,1
120,3959,0,1
121,3974,0,1
122,3983,0,1
123,3995,0,1
124,4016,0,1
125,4044,0,1
126,4090,0,1
127,4091,0,1
128,4107,0,1
129,4164,0,1
130,4186,0,1
131,4272,0,1
132,4277,0,1
133,4293,0,1
134,4365,0,1
135,4366,0,1
136,4372,0,1
137,4390,0,1
138,4391,0,1
139,4434,0,1
140,4435,0,1
141,4466,0,1
142,4479,0,1
143,4508,0,1
144,4537,0,1
145,4539,0,1
146,4594,0,1
147,4619,0,1
148,4622,0,1
149,4628,0,1
150,4718,0,1
151,4779,0,1
152,4784,0,1
153,4790,0,1
154,4833,0,1
155,4855,0,1
156,4862,0,1
157,4883,0,1
158,4885,0,1
159,4889,0,1
160,4941,0,1
161,4961,0,1
162,5019,0,1
163,5054,0,1
164,5071,0,1
165,5075,0,1
166,5113,0,1
167,5202,0,1
168,5207,0,1
169,5278,0,1
170,5303,0,1
171,5334,0,1
172,5335,0,1
173,5344,0,1
174,5405,0,1
175,5417,0,1
176,5423,0,1
177,5448,0,1
178,5485,0,1
179,5544,0,1
180,5583,0,1
181,5617,0,1
182,5646,0,1
183,5669,0,1
184,5673,0,1
185,5713,0,1
186,5733,0,1
187,5734,0,1
188,5795,0,1
189,5798,0,1
190,5821,0,1
191,5843,0,1
192,5846,0,1
193,5847,0,1
194,5909,0,1
195,6015,0,1
196,6020,0,1
197,6036,0,1
198,6047,0,1
199,6049,0,1
200,6058,0,1
201,6102,0,1
202,6149,0,1
203,6179,0,1
204,6194,0,1
205,6231,0,1
206,6309,0,1
207,6343,0,1
208,6349,0,1
209,6405,0,1
210,6419,0,1
211,6491,0,1
212,6553,0,1
213,6579,0,1
214,6604,0,1
215,6613,0,1
216,6735,0,1
217,6739,0,1
218,6749,0,1
219,6770,0,1
220,6824,0,1
221,6839,0,1
222,6855,0,1
223,6865,0,1
224,6872,0,1
225,6886,0,1
226,6919,0,1
227,6922,0,1
228,6944,0,1
229,6978,0,1
230,6988,0,1
231,7024,0,1
232,7078,0,1
233,7117,0,1
234,7130,0,1
235,7131,0,1
236,7149,0,1
237,7154,0,1
238,7159,0,1
239,7172,0,1
240,7231,0,1
241,7232,0,1
242,7271,0,1
243,7328,0,1
244,7339,0,1
245,7356,0,1
246,7361,0,1
247,7368,0,1
248,7509,0,1
249,7518,0,1
250,7595,0,1
251,7750,0,1
252,7751,0,1
253,7776,0,1
254,7790,0,1
255,7845,0,1
256,7893,0,1
257,7973,0,1
258,8023,0,1
259,8099,0,1
260,8104,0,1
261,8110,0,1
262,8151,0,1
263,8153,0,1
264,8169,0,1
265,8174,0,1
266,8185,0,1
267,8216,0,1
268,8252,0,1
269,8255,0,1
270,8270,0,1
271,8316,0,1
272,8324,0,1
273,8371,0,1
274,8387,0,1
275,8403,0,1
276,8495,0,1
277,8523,0,1
278,8531,0,1
279,8539,0,1
280,8540,0,1
281,8563,0,1
282,8589,0,1
283,8637,0,1
284,8686,0,1
285,8761,0,1
286,8787,0,1
287,8797,0,1
288,8810,0,1
289,8816,0,1
290,8820,0,1
291,8829,0,1
292,8842,0,1
293,8863,0,1
294,8898,0,1
295,8943,0,1
296,9013,0,1
297,9040,0,1
298,9078,0,1
299,9104,0,1
300,9144,0,1
301,9162,0,1
302,9178,0,1
303,9218,0,1
304,9228,0,1
305,9266,0,1
306,9342,0,1
307,9359,0,1
308,9361,0,1
309,9462,0,1
310,9496,0,1
311,9497,0,1
312,9529,0,1
313,9578,0,1
314,9580,0,1
315,9632,0,1
316,9696,0,1
317,9715,0,1
318,9747,0,1
319,9805,0,1
320,9840,0,1
321,9862,0,1
322,9889,0,1
323,9907,0,1
324,9913,0,1
325,9939,0,1
326,9999,0,1
327,10034,0,1
328,10046,0,1
329,10077,0,1
330,10090,0,1
331,10112,0,1
332,10117,0,1
333,10173,0,1
334,10178,0,1
335,10183,0,1
336,10216,0,1
337,10220,0,1
338,10267,0,1
339,10292,0,1
340,10294,0,1
341,10331,0,1
342,10334,0,1
343,10349,0,1
344,10364,0,1
345,10368,0,1
346,10414,0,1
347,10415,0,1
348,10417,0,1
349,10486,0,1
350,10500,0,1
351,10575,0,1
352,10623,0,1
353,10671,0,1
354,10689,0,1
355,10696,0,1
356,10727,0,1
357,10760,0,1
358,10774,0,1
359,10805,0,1
360,10817,0,1
361,11003,0,1
362,11037,0,1
363,11058,0,1
364,11113,0,1
365,11117,0,1
366,11125,0,1
367,11134,0,1
368,11139,0,1
369,11165,0,1
370,11202,0,1
371,11233,0,1
372,11246,0,1
373,11268,0,1
374,11340,0,1
375,11357,0,1
376,11366,0,1
377,11514,0,1
378,11519,0,1
379,11583,0,1
380,11656,0,1
381,11671,0,1
382,11700,0,1
383,11724,0,1
384,11751,0,1
385,11779,0,1
386,11793,0,1
387,11807,0,1
388,11817,0,1
389,11829,0,1
390,11890,0,1
391,11929,0,1
392,11959,0,1
393,11965,0,1
394,11976,0,1
395,11986,0,1
396,12011,0,1
397,12039,0,1
398,12048,0,1
399,12135,0,1
400,12151,0,1
401,12152,0,1
402,12165,0,1
403,12195,0,1
404,12213,0,1
405,12226,0,1
406,12247,0,1
407,12322,0,1
408,12330,0,1
409,12386,0,1
410,12425,0,1
411,12448,0,1
412,12533,0,1
413,12560,0,1
414,12564,0,1
415,12580,0,1
416,12598,0,1
417,12616,0,1
418,12621,0,1
419,12650,0,1
420,12749,0,1
421,12761,0,1
422,12766,0,1
423,12861,0,1
424,12886,0,1
425,12889,0,1
426,12946,0,1
427,12996,0,1
428,13081,0,1
429,13101,0,1
430,13198,0,1
431,13200,0,1
432,13210,0,1
433,13217,0,1
434,13252,0,1
435,13283,0,1
436,13310,0,1
437,13321,0,1
438,13376,0,1
439,13378,0,1
440,13422,0,1
441,13426,0,1
442,13454,0,1
443,13480,0,1
444,13496,0,1
445,13542,0,1
446,13577,0,1
447,13624,0,1
448,13633,0,1
449,13676,0,1
450,13702,0,1
451,13719,0,1
452,13755,0,1
453,13781,0,1
454,13788,0,1
455,13789,0,1
456,13859,0,1
457,13873,0,1
458,13887,0,1
459,13901,0,1
460,13914,0,1
461,13963,0,1
462,13985,0,1
463,13991,0,1
464,14063,0,1
465,14088,0,1
466,14093,0,1
467,14096,0,1
468,14104,0,1
469,14116,0,1
470,14117,0,1
471,14121,0,1
472,14134,0,1
473,14144,0,1
474,14167,0,1
475,14173,0,1
476,14185,0,1
477,14229,0,1
478,14242,0,1
479,14285,0,1
480,14359,0,1
481,14373,0,1
482,14382,0,1
483,14383,0,1
484,14389,0,1
485,14435,0,1
486,14466,0,1
487,14475,0,1
488,14545,0,1
489,14552,0,1
490,14589,0,1
491,14597,0,1
492,14604,0,1
493,14665,0,1
494,14671,0,1
495,14688,0,1
496,14702,0,1
497,14812,0,1
498,14821,0,1
499,14831,0,1
500,14880,0,1
501,14888,0,1
502,14961,0,1
503,14984,0,1
504,15033,0,1
505,15045,0,1
506,15051,0,1
507,15052,0,1
508,15059,0,1
509,15087,0,1
510,15150,0,1
511,15165,0,1
512,15276,0,1
513,15304,0,1
514,15321,0,1
515,15350,0,1
516,15355,0,1
517,15380,0,1
518,15442,0,1
519,15474,0,1
520,15486,0,1
521,15495,0,1
522,15511,0,1
523,15569,0,1
524,15578,0,1
525,15598,0,1
526,15599,0,1
527,15631,0,1
528,15634,0,1
529,15689,0,1
530,15700,0,1
531,15793,0,1
532,15855,0,1
533,15861,0,1
534,15892,0,1
535,15903,0,1
536,16055,0,1
537,16092,0,1
538,16099,0,1
539,16101,0,1
540,16130,0,1
541,16183,0,1
542,16203,0,1
543,16239,0,1
544,16280,0,1
545,16283,0,1
546,16321,0,1
547,16328,0,1
548,16404,0,1
549,16421,0,1
550,16426,0,1
551,16464,0,1
552,16466,0,1
553,16481,0,1
554,16486,0,1
555,16492,0,1
556,16500,0,1
557,16544,0,1
558,16661,0,1
559,16681,0,1
560,16683,0,1
561,16738,0,1
562,16784,0,1
563,16802,0,1
564,16873,0,1
565,16885,0,1
566,16908,0,1
567,16938,0,1
568,16946,0,1
569,16995,0,1
570,17024,0,1
571,17031,0,1
572,17050,0,1
573,17056,0,1
574,17111,0,1
575,17118,0,1
576,17119,0,1
577,17139,0,1
578,17151,0,1
579,17176,0,1
580,17212,0,1
581,17242,0,1
582,17291,0,1
583,17390,0,1
584,17437,0,1
585,17460,0,1
586,17466,0,1
587,17533,0,1
588,17543,0,1
589,17553,0,1
590,17561,0,1
591,17564,0,1
592,17597,0,1
593,17635,0,1
594,17652,0,1
595,17674,0,1
596,17680,0,1
597,17730,0,1
598,17767,0,1
599,17783,0,1
600,17881,0,1
601,17892,0,1
602,17913,0,1
603,18020,0,1
604,18040,0,1
605,18072,0,1
606,18088,0,1
607,18092,0,1
608,18112,0,1
609,18157,0,1
610,18159,0,1
611,18168,0,1
612,18214,0,1
613,18259,0,1
614,18276,0,1
615,18329,0,1
616,18341,0,1
617,18364,0,1
618,18425,0,1
619,18430,0,1
620,18456,0,1
621,18462,0,1
622,18472,0,1
623,18576,0,1
624,18579,0,1
625,18622,0,1
626,18649,0,1
627,18663,0,1
628,18684,0,1
629,18718,0,1
630,18733,0,1
631,18779,0,1
632,18783,0,1
633,18816,0,1
634,18827,0,1
635,18851,0,1
636,18870,0,1
637,18873,0,1
638,18880,0,1
639,18889,0,1
640,18890,0,1
641,18960,0,1
642,18987,0,1
643,19007,0,1
644,19029,0,1
645,19030,0,1
646,19044,0,1
647,19056,0,1
648,19057,0,1
649,19095,0,1
650,19100,0,1
651,19127,0,1
652,19130,0,1
653,19190,0,1
654,19194,0,1
655,19199,0,1
656,19236,0,1
657,19259,0,1
658,19271,0,1
659,19272,0,1
660,19318,0,1
661,19371,0,1
662,19386,0,1
663,19403,0,1
664,19462,0,1
665,19469,0,1
666,19506,0,1
667,19508,0,1
668,19528,0,1
669,19534,0,1
670,19569,0,1
671,19605,0,1
672,19633,0,1
673,19744,0,1
674,19773,0,1
675,19828,0,1
676,19843,0,1
677,19857,0,1
678,19865,0,1
679,19892,0,1
680,19935,0,1
681,19960,0,1
682,19986,0,1
683,19992,0,1
684,20006,0,1
685,20017,0,1
686,20044,0,1
687,20110,0,1
688,20132,0,1
689,20137,0,1
690,20138,0,1
691,20226,0,1
692,20236,0,1
693,20239,0,1
694,20251,0,1
695,20257,0,1
696,20272,0,1
697,20286,0,1
698,20294,0,1
699,20344,0,1
700,20387,0,1
701,20406,0,1
702,20446,0,1
703,20527,0,1
704,20540,0,1
705,20568,0,1
706,20580,0,1
707,20609,0,1
708,20642,0,1
709,20685,0,1
710,20712,0,1
711,20780,0,1
712,20788,0,1
713,20803,0,1
714,20810,0,1
715,20822,0,1
716,20844,0,1
717,20917,0,1
718,20918,0,1
719,20939,0,1
720,20964,0,1
721,20971,0,1
722,20973,0,1
723,20977,0,1
724,20979,0,1
725,20994,0,1
726,21002,0,1
727,21005,0,1
728,21012,0,1
729,21070,0,1
730,21105,0,1
731,21114,0,1
732,21157,0,1
733,21184,0,1
734,21199,0,1
735,21226,0,1
736,21238,0,1
737,21253,0,1
738,21274,0,1
739,21279,0,1
740,21297,0,1
741,21311,0,1
742,21372,0,1
743,21392,0,1
744,21464,0,1
745,21507,0,1
746,21523,0,1
747,21583,0,1
748,21585,0,1
749,21592,0,1
750,21599,0,1
751,21608,0,1
752,21619,0,1
753,21623,0,1
754,21640,0,1
755,21683,0,1
756,21693,0,1
757,21706,0,1
758,21724,0,1
759,21737,0,1
760,21791,0,1
761,21819,0,1
762,21820,0,1
763,21863,0,1
764,21874,0,1
765,21879,0,1
766,21883,0,1
767,21895,0,1
768,21976,0,1
769,22007,0,1
770,22020,0,1
771,22050,0,1
772,22053,0,1
773,22121,0,1
774,22154,0,1
775,22201,0,1
776,22207,0,1
777,22229,0,1
778,22234,0,1
779,22237,0,1
780,22250,0,1
781,22252,0,1
782,22272,0,1
783,22334,0,1
784,22428,0,1
785,22438,0,1
786,22454,0,1
787,22464,0,1
788,22486,0,1
789,22585,0,1
790,22664,0,1
791,22733,0,1
792,22735,0,1
793,22801,0,1
794,22805,0,1
795,22811,0,1
796,22873,0,1
797,22882,0,1
798,22892,0,1
799,22924,0,1
800,22992,0,1
801,22995,0,1
802,23010,0,1
803,23056,0,1
804,23089,0,1
805,23094,0,1
806,23099,0,1
807,23237,0,1
808,23251,0,1
809,23289,0,1
810,23325,0,1
811,23326,0,1
812,23356,0,1
813,23391,0,1
814,23395,0,1
815,23404,0,1
816,23414,0,1
817,23455,0,1
818,23505,0,1
819,23514,0,1
820,23520,0,1
821,23544,0,1
822,23555,0,1
823,23595,0,1
824,23615,0,1
825,23640,0,1
826,23660,0,1
827,23661,0,1
828,23671,0,1
829,23688,0,1
830,23817,0,1
831,23841,0,1
832,23884,0,1
833,23900,0,1
834,23956,0,1
835,23961,0,1
836,23980,0,1
837,24036,0,1
838,24038,0,1
839,24049,0,1
840,24077,0,1
841,24090,0,1
842,24276,0,1
843,24282,0,1
844,24339,0,1
845,24347,0,1
846,24372,0,1
847,24383,0,1
848,24390,0,1
849,24418,0,1
850,24509,0,1
851,24526,0,1
852,24581,0,1
853,24586,0,1
854,24630,0,1
855,24693,0,1
856,24702,0,1
857,24752,0,1
858,24758,0,1
859,24771,0,1
860,24810,0,1
861,24834,0,1
862,24844,0,1
863,24901,0,1
864,24986,0,1
865,25000,0,1
866,25004,0,1
867,25060,0,1
868,25108,0,1
869,25125,0,1
870,25152,0,1
871,25170,0,1
872,25190,0,1
873,25292,0,1
874,25306,0,1
875,25321,0,1
876,25325,0,1
877,25331,0,1
878,25335,0,1
879,25356,0,1
880,25437,0,1
881,25450,0,1
882,25518,0,1
883,25520,0,1
884,25563,0,1
885,25573,0,1
886,25580,0,1
887,25591,0,1
888,25629,0,1
889,25636,0,1
890,25640,0,1
891,25689,0,1
892,25707,0,1
893,25759,0,1
894,25765,0,1
895,25766,0,1
896,25800,0,1
897,25809,0,1
898,25831,0,1
899,25840,0,1
900,25847,0,1
901,25900,0,1
902,25928,0,1
903,25932,0,1
904,25959,0,1
905,26004,0,1
906,26025,0,1
907,26039,0,1
908,26093,0,1
909,26144,0,1
910,26149,0,1
911,26154,0,1
912,26245,0,1
913,26290,0,1
914,26295,0,1
915,26351,0,1
916,26354,0,1
917,26359,0,1
918,26439,0,1
919,26467,0,1
920,26474,0,1
921,26485,0,1
922,26559,0,1
923,26563,0,1
924,26585,0,1
925,26605,0,1
926,26635,0,1
927,26636,0,1
928,26652,0,1
929,26664,0,1
930,26717,0,1
931,26719,0,1
932,26731,0,1
933,26763,0,1
934,26773,0,1
935,26805,0,1
936,26870,0,1
937,26880,0,1
938,26904,0,1
939,26933,0,1
940,27058,0,1
941,27164,0,1
942,27171,0,1
943,27172,0,1
944,27173,0,1
945,27178,0,1
946,27181,0,1
947,27204,0,1
948,27205,0,1
949,27206,0,1
950,27216,0,1
951,27222,0,1
952,27276,0,1
953,27281,0,1
954,27289,0,1
955,27366,0,1
956,27368,0,1
957,27396,0,1
958,27435,0,1
959,27448,0,1
960,27449,0,1
961,27458,0,1
962,27475,0,1
963,27481,0,1
964,27512,0,1
965,27518,0,1
966,27523,0,1
967,27548,0,1
968,27593,0,1
969,27633,0,1
970,27647,0,1
971,27667,0,1
972,27675,0,1
973,27722,0,1
974,27810,0,1
975,27820,0,1
976,27842,0,1
977,27905,0,1
978,27918,0,1
979,27922,0,1
980,27945,0,1
981,27950,0,1
982,27978,0,1
983,28011,0,1
984,28066,0,1
985,28116,0,1
986,28129,0,1
987,28324,0,1
988,28345,0,1
989,28349,0,1
990,28402,0,1
991,28424,0,1
992,28436,0,1
993,28477,0,1
994,28496,0,1
995,28516,0,1
996,28545,0,1
997,28569,0,1
998,28642,0,1
999,28690,0,1
1000,28702,0,1
1001,28738,0,1
1002,28788,0,1
1003,28828,0,1
1004,28891,0,1
1005,28902,0,1
1006,28937,0,1
1007,28938,0,1
1008,28939,0,1
1009,28965,0,1
1010,28974,0,1
1011,29002,0,1
1012,29049,0,1
1013,29076,0,1
1014,29119,0,1
1015,29122,0,1
1016,29130,0,1
1017,29135,0,1
1018,29168,0,1
1019,29177,0,1
1020,29211,0,1
1021,29231,0,1
1022,29232,0,1
1023,29238,0,1
1024,29241,0,1
1025,29305,0,1
1026,29330,0,1
1027,29334,0,1
1028,29336,0,1
1029,29350,0,1
1030,29357,0,1
1031,29378,0,1
1032,29380,0,1
1033,29515,0,1
1034,29529,0,1
1035,29553,0,1
1036,29584,0,1
1037,29620,0,1
1038,29640,0,1
1039,29650,0,1
1040,29695,0,1
1041,29705,0,1
1042,29763,0,1
1043,29769,0,1
1044,29778,0,1
1045,29780,0,1
1046,29800,0,1
1047,29852,0,1
1048,29865,0,1
1049,29876,0,1
1050,29884,0,1
1051,29924,0,1
1052,29945,0,1
1053,29976,0,1
1054,30036,0,1
1055,30047,0,1
1056,30067,0,1
1057,30068,0,1
1058,30138,0,1
1059,30145,0,1
1060,30198,0,1
1061,30244,0,1
1062,30245,0,1
1063,30310,0,1
1064,30316,0,1
1065,30360,0,1
1066,30396,0,1
1067,30401,0,1
1068,30402,0,1
1069,30450,0,1
1070,30475,0,1
1071,30482,0,1
1072,30545,0,1
1073,30591,0,1
1074,30596,0,1
1075,30600,0,1
1076,30662,0,1
1077,30670,0,1
1078,30695,0,1
1079,30700,0,1
1080,30756,0,1
1081,30795,0,1
1082,30814,0,1
1083,30816,0,1
1084,30830,0,1
1085,30841,0,1
1086,30954,0,1
1087,31038,0,1
1088,31052,0,1
1089,31071,0,1
1090,31074,0,1
1091,31077,0,1
1092,31102,0,1
1093,31215,0,1
1094,31229,0,1
1095,31249,0,1
1096,31272,0,1
1097,31273,0,1
1098,31283,0,1
1099,31293,0,1
1100,31312,0,1
1101,31342,0,1
1102,31363,0,1
1103,31367,0,1
1104,31385,0,1
1105,31395,0,1
1106,31409,0,1
1107,31455,0,1
1108,31591,0,1
1109,31641,0,1
1110,31694,0,1
1111,31708,0,1
1112,31714,0,1
1113,31736,0,1
1114,31758,0,1
1115,31763,0,1
1116,31766,0,1
1117,31992,0,1
1118,32004,0,1
1119,32009,0,1
1120,32030,0,1
1121,32034,0,1
1122,32044,0,1
1123,32055,0,1
1124,32069,0,1
1125,32092,0,1
1126,32193,0,1
1127,32390,0,1
1128,32470,0,1
1129,32493,0,1
1130,32505,0,1
1131,32596,0,1
1132,32680,0,1
1133,32707,0,1
1134,32709,0,1
1135,32742,0,1
1136,32772,0,1
1137,32806,0,1
1138,32869,0,1
1139,32911,0,1
1140,32937,0,1
1141,32964,0,1
1142,33139,0,1
1143,33214,0,1
1144,33278,0,1
1145,33292,0,1
1146,33407,0,1
1147,33431,0,1
1148,33485,0,1
1149,33516,0,1
1150,33536,0,1
1151,33541,0,1
1152,33559,0,1
1153,33594,0,1
1154,33598,0,1
1155,33627,0,1
1156,33632,0,1
1157,33697,0,1
1158,33728,0,1
1159,33837,0,1
1160,33879,0,1
1161,33881,0,1
1162,33919,0,1
1163,33920,0,1
1164,33933,0,1
1165,33939,0,1
1166,33965,0,1
1167,34004,0,1
1168,34005,0,1
1169,34010,0,1
1170,34039,0,1
1171,34050,0,1
1172,34073,0,1
1173,34155,0,1
1174,34300,0,1
1175,34302,0,1
1176,34305,0,1
1177,34355,0,1
1178,34419,0,1
1179,34507,0,1
1180,34515,0,1
1181,34528,0,1
1182,34563,0,1
1183,34584,0,1
1184,34589,0,1
1185,34594,0,1
1186,34626,0,1
1187,34627,0,1
1188,34632,0,1
1189,34659,0,1
1190,34677,0,1
1191,34690,0,1
1192,34709,0,1
1193,34719,0,1
1194,34838,0,1
1195,34875,0,1
1196,34907,0,1
1197,34952,0,1
1198,34955,0,1
1199,34996,0,1
1200,35052,0,1
1201,35116,0,1
1202,35211,0,1
1203,35226,0,1
1204,35261,0,1
1205,35266,0,1
1206,35294,0,1
1207,35336,0,1
1208,35349,0,1
1209,35362,0,1
1210,35367,0,1
1211,35379,0,1
1212,35422,0,1
1213,35438,0,1
1214,35448,0,1
1215,35512,0,1
1216,35545,0,1
1217,35549,0,1
1218,35648,0,1
1219,35662,0,1
1220,35667,0,1
1221,35697,0,1
1222,35728,0,1
1223,35740,0,1
1224,35787,0,1
1225,35794,0,1
1226,35836,0,1
1227,35841,0,1
1228,35906,0,1
1229,35976,0,1
1230,36009,0,1
1231,36022,0,1
1232,36065,0,1
1233,36066,0,1
1234,36105,0,1
1235,36120,0,1
1236,36221,0,1
1237,36233,0,1
1238,36282,0,1
1239,36285,0,1
1240,36286,0,1
1241,36292,0,1
1242,36337,0,1
1243,36374,0,1
1244,36491,0,1
1245,36522,0,1
1246,36556,0,1
1247,36613,0,1
1248,36622,0,1
1249,36666,0,1
1250,36679,0,1
1251,36705,0,1
1252,36719,0,1
1253,36732,0,1
1254,36758,0,1
1255,36865,0,1
1256,36929,0,1
1257,36945,0,1
1258,36986,0,1
1259,36998,0,1
1260,37002,0,1
1261,37028,0,1
1262,37029,0,1
1263,37124,0,1
1264,37139,0,1
1265,37164,0,1
1266,37198,0,1
1267,37224,0,1
1268,37238,0,1
1269,37246,0,1
1270,37261,0,1
1271,37264,0,1
1272,37291,0,1
1273,37317,0,1
1274,37339,0,1
1275,37354,0,1
1276,37376,0,1
1277,37387,0,1
1278,37434,0,1
1279,37488,0,1
1280,37490,0,1
1281,37497,0,1
1282,37545,0,1
1283,37566,0,1
1284,37572,0,1
1285,37621,0,1
1286,37627,0,1
1287,37650,0,1
1288,37653,0,1
1289,37726,0,1
1290,37757,0,1
1291,37765,0,1
1292,37776,0,1
1293,37809,0,1
1294,37812,0,1
1295,37823,0,1
1296,37826,0,1
1297,37971,0,1
1298,37994,0,1
1299,38069,0,1
1300,38111,0,1
1301,38115,0,1
1302,38117,0,1
1303,38165,0,1
1304,38206,0,1
1305,38223,0,1
1306,38231,0,1
1307,38245,0,1
1308,38272,0,1
1309,38346,0,1
1310,38453,0,1
1311,38476,0,1
1312,38496,0,1
1313,38525,0,1
1314,38549,0,1
1315,38559,0,1
1316,38565,0,1
1317,38572,0,1
1318,38615,0,1
1319,38620,0,1
1320,38621,0,1
1321,38696,0,1
1322,38710,0,1
1323,38782,0,1
1324,38790,0,1
1325,38837,0,1
1326,38906,0,1
1327,38931,0,1
1328,38937,0,1
1329,38951,0,1
1330,38957,0,1
1331,38969,0,1
1332,38979,0,1
1333,39018,0,1
1334,39053,0,1
1335,39073,0,1
1336,39115,0,1
1337,39165,0,1
1338,39179,0,1
1339,39206,0,1
1340,39254,0,1
1341,39274,0,1
1342,39299,0,1
1343,39330,0,1
1344,39351,0,1
1345,39373,0,1
1346,39404,0,1
1347,39407,0,1
1348,39487,0,1
1349,39531,0,1
1350,39696,0,1
1351,39866,0,1
1352,40027,0,1
1353,40043,0,1
1354,40046,0,1
1355,40097,0,1
1356,40177,0,1
1357,40248,0,1
1358,40275,0,1
1359,40336,0,1
1360,40443,0,1
1361,40457,0,1
1362,40598,0,1
1363,40604,0,1
1364,40613,0,1
1365,40647,0,1
1366,40653,0,1
1367,40681,0,1
1368,40727,0,1
1369,40767,0,1
1370,40803,0,1
1371,40814,0,1
1372,40823,0,1
1373,40851,0,1
1374,40880,0,1
1375,40882,0,1
1376,40906,0,1
1377,41016,0,1
1378,41020,0,1
1379,41070,0,1
1380,41082,0,1
1381,41093,0,1
1382,41116,0,1
1383,41183,0,1
1384,41242,0,1
1385,41252,0,1
1386,41286,0,1
1387,41472,0,1
1388,41510,0,1
1389,41512,0,1
1390,41523,0,1
1391,41573,0,1
1392,41605,0,1
1393,41607,0,1
1394,41638,0,1
1395,41719,0,1
1396,41725,0,1
1397,41732,0,1
1398,41796,0,1
1399,41884,0,1
1400,41913,0,1
1401,41964,0,1
1402,41988,0,1
1403,42046,0,1
1404,42173,0,1
1405,42187,0,1
1406,42229,0,1
1407,42246,0,1
1408,42284,0,1
1409,42319,0,1
1410,42328,0,1
1411,42352,0,1
1412,42371,0,1
1413,42389,0,1
1414,42411,0,1
1415,42494,0,1
1416,42532,0,1
1417,42584,0,1
1418,42614,0,1
1419,42664,0,1
1420,42673,0,1
1421,42725,0,1
1422,42732,0,1
1423,42737,0,1
1424,42815,0,1
1425,43074,0,1
1426,43125,0,1
1427,43253,0,1
1428,43274,0,1
1429,43299,0,1
1430,43337,0,1
1431,43341,0,1
1432,43345,0,1
1433,43410,0,1
1434,43573,0,1
1435,43596,0,1
1436,43740,0,1
1437,43758,0,1
1438,43764,0,1
1439,43786,0,1
1440,43865,0,1
1441,43923,0,1
1442,43943,0,1
1443,43950,0,1
1444,43961,0,1
1445,44006,0,1
1446,44132,0,1
1447,44146,0,1
1448,44147,0,1
1449,44309,0,1
1450,44397,0,1
1451,44451,0,1
1452,44463,0,1
1453,44507,0,1
1454,44586,0,1
1455,44703,0,1
1456,44709,0,1
1457,44733,0,1
1458,44738,0,1
1459,44764,0,1
1460,44793,0,1
1461,44889,0,1
1462,44936,0,1
1463,45005,0,1
1464,45028,0,1
1465,45030,0,1
1466,45038,0,1
1467,45161,0,1
1468,45171,0,1
1469,45173,0,1
1470,45197,0,1
1471,45261,0,1
1472,45272,0,1
1473,45281,0,1
1474,45356,0,1
1475,45360,0,1
1476,45366,0,1
1477,45400,0,1
1478,45446,0,1
1479,45464,0,1
1480,45545,0,1
1481,45565,0,1
1482,45617,0,1
1483,45651,0,1
1484,45652,0,1
1485,45663,0,1
1486,45677,0,1
1487,45683,0,1
1488,45696,0,1
1489,45721,0,1
1490,45746,0,1
1491,45749,0,1
1492,45957,0,1
1493,45964,0,1
1494,45978,0,1
1495,46094,0,1
1496,46194,0,1
1497,46279,0,1
1498,46284,0,1
1499,46337,0,1
1500,46443,0,1
1501,46447,0,1
1502,46456,0,1
1503,46474,0,1
1504,46488,0,1
1505,46557,0,1
1506,46558,0,1
1507,46775,0,1
1508,46853,0,1
1509,46919,0,1
1510,46921,0,1
1511,46985,0,1
1512,46986,0,1
1513,47067,0,1
1514,47072,0,1
1515,47080,0,1
1516,47095,0,1
1517,47194,0,1
1518,47232,0,1
1519,47248,0,1
1520,47252,0,1
1521,47262,0,1
1522,47266,0,1
1523,47277,0,1
1524,47307,0,1
1525,47316,0,1
1526,47337,0,1
1527,47367,0,1
1528,47384,0,1
1529,47402,0,1
1530,47405,0,1
1531,47430,0,1
1532,47450,0,1
1533,47521,0,1
1534,47522,0,1
1535,47662,0,1
1536,47681,0,1
1537,47693,0,1
1538,47705,0,1
1539,47732,0,1
1540,47772,0,1
1541,47846,0,1
1542,47945,0,1
1543,48025,0,1
1544,48062,0,1
1545,48090,0,1
1546,48098,0,1
1547,48121,0,1
1548,48153,0,1
1549,48177,0,1
1550,48284,0,1
1551,48370,0,1
1552,48415,0,1
1553,48479,0,1
1554,48488,0,1
1555,48528,0,1
1556,48572,0,1
1557,48597,0,1
1558,48663,0,1
1559,48667,0,1
1560,48729,0,1
1561,48730,0,1
1562,48774,0,1
1563,48911,0,1
1564,48945,0,1
1565,48963,0,1
1566,48966,0,1
1567,48987,0,1
1568,49003,0,1
1569,49017,0,1
1570,49044,0,1
1571,49079,0,1
1572,49082,0,1
1573,49147,0,1
1574,49204,0,1
1575,49221,0,1
1576,49245,0,1
1577,49246,0,1
1578,49280,0,1
1579,49307,0,1
1580,49405,0,1
1581,49542,0,1
1582,49545,0,1
1583,49700,0,1
1584,49757,0,1
1585,49798,0,1
1586,49814,0,1
1587,49840,0,1
1588,49851,0,1
1589,49864,0,1
1590,49872,0,1
1591,49913,0,1
1592,49915,0,1
1593,49916,0,1
1594,49917,0,1
1595,49931,0,1
1596,49978,0,1
1597,50027,0,1
1598,50175,0,1
1599,50216,0,1
1600,50445,0,1
1601,50451,0,1
1602,50504,0,1
1603,50512,0,1
1604,50515,0,1
1605,50590,0,1
1606,50648,0,1
1607,50680,0,1
1608,50709,0,1
1609,50723,0,1
1610,50749,0,1
1611,50777,0,1
1612,50785,0,1
1613,50838,0,1
1614,50841,0,1
1615,50933,0,1
1616,51021,0,1
1617,51036,0,1
1618,51073,0,1
1619,51079,0,1
1620,51134,0,1
1621,51199,0,1
1622,51276,0,1
1623,51403,0,1
1624,51416,0,1
1625,51456,0,1
1626,51528,0,1
1627,51622,0,1
1628,51703,0,1
1629,51784,0,1
1630,51815,0,1
1631,51829,0,1
1632,51856,0,1
1633,51869,0,1
1634,51880,0,1
1635,51904,0,1
1636,51946,0,1
1637,51961,0,1
1638,51994,0,1
1639,52036,0,1
1640,52065,0,1
1641,52082,0,1
1642,52115,0,1
1643,52164,0,1
1644,52355,0,1
1645,52413,0,1
1646,52431,0,1
1647,52436,0,1
1648,52445,0,1
1649,52447,0,1
1650,52492,0,1
1651,52532,0,1
1652,52666,0,1
1653,52705,0,1
1654,52706,0,1
1655,52782,0,1
1656,52797,0,1
1657,52814,0,1
1658,52880,0,1
1659,52946,0,1
1660,53027,0,1
1661,53039,0,1
1662,53055,0,1
1663,53129,0,1
1664,53152,0,1
1665,53182,0,1
1666,53194,0,1
1667,53256,0,1
1668,53271,0,1
1669,53289,0,1
1670,53353,0,1
1671,53360,0,1
1672,53437,0,1
1673,53449,0,1
1674,53450,0,1
1675,53506,0,1
1676,53529,0,1
1677,53536,0,1
1678,53541,0,1
1679,53626,0,1
1680,53645,0,1
1681,53663,0,1
1682,53703,0,1
1683,53711,0,1
1684,53758,0,1
1685,53793,0,1
1686,53846,0,1
1687,53850,0,1
1688,53930,0,1
1689,53981,0,1
1690,54001,0,1
1691,54027,0,1
1692,54031,0,1
1693,54040,0,1
1694,54063,0,1
1695,54089,0,1
1696,54136,0,1
1697,54177,0,1
1698,54181,0,1
1699,54184,0,1
1700,54188,0,1
1701,54232,0,1
1702,54238,0,1
1703,54275,0,1
1704,54312,0,1
1705,54326,0,1
1706,54327,0,1
1707,54369,0,1
1708,54372,0,1
1709,54395,0,1
1710,54438,0,1
1711,54472,0,1
1712,54522,0,1
1713,54574,0,1
1714,54600,0,1
1715,54621,0,1
1716,54668,0,1
1717,54714,0,1
1718,54719,0,1
1719,54721,0,1
1720,54777,0,1
1721,54821,0,1
1722,54824,0,1
1723,54912,0,1
1724,54918,0,1
1725,54927,0,1
1726,54932,0,1
1727,54934,0,1
1728,54972,0,1
1729,54998,0,1
1730,55134,0,1
1731,55166,0,1
1732,55206,0,1
1733,55243,0,1
1734,55246,0,1
1735,55341,0,1
1736,55342,0,1
1737,55376,0,1
1738,55394,0,1
1739,55395,0,1
1740,55399,0,1
1741,55401,0,1
1742,55434,0,1
1743,55452,0,1
1744,55492,0,1
1745,55527,0,1
1746,55552,0,1
1747,55576,0,1
1748,55589,0,1
1749,55642,0,1
1750,55665,0,1
1751,55741,0,1
1752,55788,0,1
1753,55850,0,1
1754,55978,0,1
1755,55980,0,1
1756,55982,0,1
1757,55985,0,1
1758,56059,0,1
1759,56190,0,1
1760,56194,0,1
1761,56204,0,1
1762,56263,0,1
1763,56286,0,1
1764,56301,0,1
1765,56345,0,1
1766,56349,0,1
1767,56362,0,1
1768,56409,0,1
1769,56467,0,1
1770,56472,0,1
1771,56479,0,1
1772,56480,0,1
1773,56531,0,1
1774,56580,0,1
1775,56582,0,1
1776,56619,0,1
1777,56671,0,1
1778,56679,0,1
1779,56729,0,1
1780,56744,0,1
1781,56747,0,1
1782,56751,0,1
1783,56782,0,1
1784,56799,0,1
1785,56819,0,1
1786,56853,0,1
1787,56858,0,1
1788,56880,0,1
1789,56898,0,1
1790,56907,0,1
1791,57010,0,1
1792,57029,0,1
1793,57155,0,1
1794,57158,0,1
1795,57233,0,1
1796,57238,0,1
1797,57277,0,1
1798,57319,0,1
1799,57325,0,1
1800,57329,0,1
1801,57330,0,1
1802,57360,0,1
1803,57363,0,1
1804,57444,0,1
1805,57447,0,1
1806,57495,0,1
1807,57510,0,1
1808,57519,0,1
1809,57603,0,1
1810,57636,0,1
1811,57637,0,1
1812,57670,0,1
1813,57734,0,1
1814,57742,0,1
1815,57844,0,1
1816,57879,0,1
1817,57885,0,1
1818,57943,0,1
1819,58024,0,1
1820,58026,0,1
1821,58067,0,1
1822,58165,0,1
1823,58185,0,1
1824,58195,0,1
1825,58198,0,1
1826,58248,0,1
1827,58251,0,1
1828,58252,0,1
1829,58253,0,1
1830,58353,0,1
1831,58373,0,1
1832,58399,0,1
1833,58404,0,1
1834,58455,0,1
1835,58462,0,1
1836,58463,0,1
1837,58538,0,1
1838,58551,0,1
1839,58560,0,1
1840,58566,0,1
1841,58654,0,1
1842,58662,0,1
1843,58700,0,1
1844,58705,0,1
1845,58713,0,1
1846,58716,0,1
1847,58717,0,1
1848,58722,0,1
1849,58733,0,1
1850,58750,0,1
1851,58758,0,1
1852,58769,0,1
1853,58794,0,1
1854,58830,0,1
1855,58839,0,1
1856,58876,0,1
1857,58995,0,1
1858,59004,0,1
1859,59018,0,1
1860,59025,0,1
1861,59137,0,1
1862,59189,0,1
1863,59238,0,1
1864,59304,0,1
1865,59308,0,1
1866,59325,0,1
1867,59349,0,1
1868,59354,0,1
1869,59406,0,1
1870,59419,0,1
1871,59512,0,1
1872,59569,0,1
1873,59580,0,1
1874,59585,0,1
1875,59591,0,1
1876,59602,0,1
1877,59644,0,1
1878,59675,0,1
1879,59720,0,1
1880,59742,0,1
1881,59743,0,1
1882,59757,0,1
1883,59762,0,1
1884,59776,0,1
1885,59789,0,1
1886,59872,0,1
1887,59923,0,1
1888,59968,0,1
1889,59981,0,1
1890,60030,0,1
1891,60056,0,1
1892,60090,0,1
1893,60095,0,1
1894,60104,0,1
1895,60223,0,1
1896,60238,0,1
1897,60253,0,1
1898,60266,0,1
1899,60308,0,1
1900,60331,0,1
1901,60332,0,1
1902,60385,0,1
1903,60394,0,1
1904,60436,0,1
1905,60462,0,1
1906,60500,0,1
1907,60504,0,1
1908,60507,0,1
1909,60517,0,1
1910,60536,0,1
1911,60555,0,1
1912,60563,0,1
1913,60628,0,1
1914,60635,0,1
1915,60636,0,1
1916,60649,0,1
1917,60653,0,1
1918,60665,0,1
1919,60686,0,1
1920,60731,0,1
1921,60797,0,1
1922,60816,0,1
1923,60845,0,1
1924,60850,0,1
1925,60864,0,1
1926,60970,0,1
1927,60978,0,1
1928,60996,0,1
1929,61050,0,1
1930,61077,0,1
1931,61079,0,1
1932,61151,0,1
1933,61166,0,1
1934,61213,0,1
1935,61223,0,1
1936,61249,0,1
1937,61295,0,1
1938,61312,0,1
1939,61316,0,1
1940,61340,0,1
1941,61364,0,1
1942,61384,0,1
1943,61502,0,1
1944,61527,0,1
1945,61529,0,1
1946,61533,0,1
1947,61540,0,1
1948,61647,0,1
1949,61651,0,1
1950,61683,0,1
1951,61697,0,1
1952,61754,0,1
1953,61828,0,1
1954,61854,0,1
1955,61912,0,1
1956,61931,0,1
1957,61944,0,1
1958,61960,0,1
1959,62009,0,1
1960,62016,0,1
1961,62032,0,1
1962,62063,0,1
1963,62122,0,1
1964,62130,0,1
1965,62183,0,1
1966,62189,0,1
1967,62205,0,1
1968,62368,0,1
1969,62372,0,1
1970,62422,0,1
1971,62434,0,1
1972,62450,0,1
1973,62456,0,1
1974,62523,0,1
1975,62560,0,1
1976,62571,0,1
1977,62576,0,1
1978,62662,0,1
1979,62673,0,1
1980,62712,0,1
1981,62716,0,1
1982,62733,0,1
1983,62782,0,1
1984,62795,0,1
1985,62813,0,1
1986,62846,0,1
1987,62878,0,1
1988,62924,0,1
1989,62938,0,1
1990,63001,0,1
1991,63109,0,1
1992,63120,0,1
1993,63257,0,1
1994,63258,0,1
1995,63275,0,1
1996,63281,0,1
1997,63324,0,1
1998,63351,0,1
1999,63376,0,1
2000,63383,0,1
2001,63391,0,1
2002,63395,0,1
2003,63461,0,1
2004,63464,0,1
2005,63496,0,1
2006,63518,0,1
2007,63543,0,1
2008,63563,0,1
2009,63586,0,1
2010,63632,0,1
2011,63693,0,1
2012,63704,0,1
2013,63711,0,1
2014,63767,0,1
2015,63826,0,1
2016,63848,0,1
2017,63859,0,1
2018,63881,0,1
2019,63889,0,1
2020,63927,0,1
2021,64001,0,1
2022,64007,0,1
2023,64027,0,1
2024,64082,0,1
2025,64089,0,1
2026,64116,0,1
2027,64146,0,1
2028,64276,0,1
2029,64280,0,1
2030,64312,0,1
2031,64360,0,1
2032,64408,0,1
2033,64450,0,1
2034,64525,0,1
2035,64542,0,1
2036,64546,0,1
2037,64557,0,1
2038,64574,0,1
2039,64635,0,1
2040,64638,0,1
2041,64641,0,1
2042,64661,0,1
2043,64690,0,1
2044,64699,0,1
2045,64729,0,1
2046,64745,0,1
2047,64764,0,1
2048,64783,0,1
2049,64816,0,1
2050,64834,0,1
2051,64835,0,1
2052,64852,0,1
2053,64924,0,1
2054,64929,0,1
2055,64974,0,1
2056,64976,0,1
2057,65028,0,1
2058,65030,0,1
2059,65039,0,1
2060,65116,0,1
2061,65128,0,1
2062,65144,0,1
2063,65174,0,1
2064,65219,0,1
2065,65228,0,1
2066,65237,0,1
2067,65247,0,1
2068,65248,0,1
2069,65392,0,1
2070,65395,0,1
2071,65397,0,1
2072,65406,0,1
2073,65486,0,1
2074,65494,0,1
2075,65506,0,1
2076,65515,0,1
2077,65538,0,1
2078,65565,0,1
2079,65568,0,1
2080,65602,0,1
2081,65612,0,1
2082,65625,0,1
2083,65634,0,1
2084,65645,0,1
2085,65684,0,1
2086,65687,0,1
2087,65716,0,1
2088,65725,0,1
2089,65750,0,1
2090,65759,0,1
2091,65774,0,1
2092,65776,0,1
2093,65778,0,1
2094,65865,0,1
2095,65887,0,1
2096,65966,0,1
2097,65995,0,1
2098,66009,0,1
2099,66012,0,1
2100,66022,0,1
2101,66100,0,1
2102,66170,0,1
2103,66186,0,1
2104,66219,0,1
2105,66221,0,1
2106,66282,0,1
2107,66296,0,1
2108,66346,0,1
2109,66364,0,1
2110,66373,0,1
2111,66444,0,1
2112,66455,0,1
2113,66474,0,1
2114,66525,0,1
2115,66566,0,1
2116,66572,0,1
2117,66579,0,1
2118,66610,0,1
2119,66614,0,1
2120,66645,0,1
2121,66648,0,1
2122,66650,0,1
2123,66701,0,1
2124,66702,0,1
2125,66711,0,1
2126,66737,0,1
2127,66769,0,1
2128,66846,0,1
2129,66851,0,1
2130,66874,0,1
2131,66875,0,1
2132,66909,0,1
2133,66950,0,1
2134,66957,0,1
2135,67010,0,1
2136,67027,0,1
2137,67039,0,1
2138,67063,0,1
2139,67082,0,1
2140,67124,0,1
2141,67150,0,1
2142,67194,0,1
2143,67203,0,1
2144,67243,0,1
2145,67268,0,1
2146,67323,0,1
2147,67331,0,1
2148,67332,0,1
2149,67365,0,1
2150,67413,0,1
2151,67463,0,1
2152,67471,0,1
2153,67493,0,1
2154,67525,0,1
2155,67570,0,1
2156,67588,0,1
2157,67612,0,1
2158,67614,0,1
2159,67618,0,1
2160,67637,0,1
2161,67667,0,1
2162,67704,0,1
2163,67705,0,1
2164,67712,0,1
2165,67748,0,1
2166,67793,0,1
2167,67813,0,1
2168,67817,0,1
2169,67820,0,1
2170,67875,0,1
2171,67887,0,1
2172,67888,0,1
2173,67893,0,1
2174,67941,0,1
2175,67956,0,1
2176,67988,0,1
2177,68010,0,1
2178,68014,0,1
2179,68062,0,1
2180,68073,0,1
2181,68076,0,1
2182,68091,0,1
2183,68096,0,1
2184,68106,0,1
2185,68107,0,1
2186,68122,0,1
2187,68131,0,1
2188,68175,0,1
2189,68185,0,1
2190,68194,0,1
2191,68201,0,1
2192,68203,0,1
2193,68205,0,1
2194,68225,0,1
2195,68245,0,1
2196,68250,0,1
2197,68303,0,1
2198,68325,0,1
2199,68380,0,1
2200,68384,0,1
2201,68396,0,1
2202,68456,0,1
2203,68494,0,1
2204,68533,0,1
2205,68541,0,1
2206,68554,0,1
2207,68563,0,1
2208,68593,0,1
2209,68602,0,1
2210,68612,0,1
2211,68625,0,1
2212,68640,0,1
2213,68665,0,1
2214,68686,0,1
2215,68714,0,1
2216,68722,0,1
2217,68732,0,1
2218,68740,0,1
2219,68767,0,1
2220,68829,0,1
2221,68838,0,1
2222,68897,0,1
2223,68912,0,1
2224,68929,0,1
2225,68941,0,1
2226,68963,0,1
2227,68968,0,1
2228,68983,0,1
2229,68988,0,1
2230,68993,0,1
2231,69053,0,1
2232,69069,0,1
2233,69080,0,1
2234,69125,0,1
2235,69130,0,1
2236,69136,0,1
2237,69166,0,1
2238,69172,0,1
2239,69174,0,1
2240,69219,0,1
2241,69272,0,1
2242,69288,0,1
2243,69298,0,1
2244,69312,0,1
2245,69328,0,1
2246,69384,0,1
2247,69391,0,1
2248,69429,0,1
2249,69451,0,1
2250,69458,0,1
2251,69466,0,1
2252,69476,0,1
2253,69477,0,1
2254,69485,0,1
2255,69488,0,1
2256,69551,0,1
2257,69553,0,1
2258,69578,0,1
2259,69591,0,1
2260,69597,0,1
2261,69598,0,1
2262,69600,0,1
2263,69615,0,1
2264,69684,0,1
2265,69690,0,1
2266,69706,0,1
2267,69723,0,1
2268,69739,0,1
2269,69741,0,1
2270,69753,0,1
2271,69773,0,1
2272,69774,0,1
2273,69795,0,1
2274,69809,0,1
2275,69881,0,1
2276,69895,0,1
2277,69900,0,1
2278,69908,0,1
2279,69911,0,1
2280,69930,0,1
2281,69944,0,1
2282,69967,0,1
2283,70015,0,1
2284,70045,0,1
2285,70055,0,1
2286,70069,0,1
2287,70073,0,1
2288,70091,0,1
2289,70144,0,1
2290,70156,0,1
2291,70164,0,1
2292,70181,0,1
2293,70204,0,1
2294,70215,0,1
2295,70230,0,1
2296,70231,0,1
2297,70266,0,1
2298,70268,0,1
2299,70286,0,1
2300,70302,0,1
2301,70308,0,1
2302,70315,0,1
2303,70323,0,1
2304,70325,0,1
2305,70340,0,1
2306,70372,0,1
2307,70400,0,1
2308,70413,0,1
2309,70428,0,1
2310,70434,0,1
2311,70435,0,1
2312,70462,0,1
2313,70535,0,1
2314,70536,0,1
2315,70540,0,1
2316,70574,0,1
2317,70642,0,1
2318,70668,0,1
2319,70686,0,1
2320,70728,0,1
2321,70729,0,1
2322,70730,0,1
2323,70843,0,1
2324,70852,0,1
2325,70871,0,1
2326,70878,0,1
2327,70886,0,1
2328,70994,0,1
2329,71017,0,1
2330,71040,0,1
2331,71064,0,1
2332,71109,0,1
2333,71113,0,1
2334,71119,0,1
2335,71120,0,1
2336,71140,0,1
2337,71147,0,1
2338,71158,0,1
2339,71187,0,1
2340,71243,0,1
2341,71244,0,1
2342,71252,0,1
2343,71276,0,1
2344,71282,0,1
2345,71284,0,1
2346,71290,0,1
2347,71348,0,1
2348,71358,0,1
2349,71379,0,1
2350,71380,0,1
2351,71398,0,1
2352,71405,0,1
2353,71493,0,1
2354,71529,0,1
2355,71545,0,1
2356,71581,0,1
2357,71602,0,1
2358,71614,0,1
2359,71617,0,1
2360,71647,0,1
2361,71662,0,1
2362,71663,0,1
2363,71666,0,1
2364,71672,0,1
2365,71686,0,1
2366,71753,0,1
2367,71765,0,1
2368,71818,0,1
2369,71910,0,1
2370,71922,0,1
2371,71956,0,1
2372,71974,0,1
2373,72026,0,1
2374,72078,0,1
2375,72085,0,1
2376,72123,0,1
2377,72132,0,1
2378,72163,0,1
2379,72177,0,1
2380,72209,0,1
2381,72240,0,1
2382,72280,0,1
2383,72316,0,1
2384,72339,0,1
2385,72408,0,1
2386,72411,0,1
2387,72421,0,1
2388,72425,0,1
2389,72431,0,1
2390,72483,0,1
2391,72500,0,1
2392,72507,0,1
2393,72525,0,1
2394,72554,0,1
2395,72562,0,1
2396,72566,0,1
2397,72663,0,1
2398,72666,0,1
2399,72679,0,1
2400,72695,0,1
2401,72716,0,1
2402,72728,0,1
2403,72729,0,1
2404,72737,0,1
2405,72759,0,1
2406,72780,0,1
2407,72790,0,1
2408,72798,0,1
2409,72832,0,1
2410,72837,0,1
2411,72839,0,1
2412,72861,0,1
2413,72879,0,1
2414,72929,0,1
2415,72969,0,1
2416,72973,0,1
2417,73003,0,1
2418,73061,0,1
2419,73070,0,1
2420,73126,0,1
2421,73150,0,1
2422,73187,0,1
2423,73208,0,1
2424,73212,0,1
2425,73239,0,1
2426,73258,0,1
2427,73275,0,1
2428,73278,0,1
2429,73294,0,1
2430,73312,0,1
2431,73369,0,1
2432,73402,0,1
2433,73410,0,1
2434,73433,0,1
2435,73454,0,1
2436,73503,0,1
2437,73549,0,1
2438,73561,0,1
2439,73586,0,1
2440,73589,0,1
2441,73674,0,1
2442,73717,0,1
2443,73728,0,1
2444,73733,0,1
2445,73823,0,1
2446,73836,0,1
2447,73902,0,1
2448,73905,0,1
2449,74006,0,1
2450,74017,0,1
2451,74082,0,1
2452,74101,0,1
2453,74102,0,1
2454,74125,0,1
2455,74141,0,1
2456,74158,0,1
2457,74160,0,1
2458,74170,0,1
2459,74184,0,1
2460,74191,0,1
2461,74207,0,1
2462,74227,0,1
2463,74266,0,1
2464,74300,0,1
2465,74330,0,1
2466,74333,0,1
2467,74423,0,1
2468,74432,0,1
2469,74444,0,1
2470,74467,0,1
2471,74508,0,1
2472,74510,0,1
2473,74590,0,1
2474,74593,0,1
2475,74608,0,1
2476,74667,0,1
2477,74699,0,1
2478,74715,0,1
2479,74719,0,1
2480,74749,0,1
2481,74788,0,1
2482,74841,0,1
2483,74846,0,1
2484,74869,0,1
2485,74884,0,1
2486,74895,0,1
2487,74936,0,1
2488,74957,0,1
2489,74978,0,1
2490,74988,0,1
2491,75005,0,1
2492,75027,0,1
2493,75034,0,1
2494,75051,0,1
2495,75117,0,1
2496,75147,0,1
2497,75176,0,1
2498,75198,0,1
2499,75204,0,1
2500,75273,0,1
2501,75276,0,1
2502,75406,0,1
2503,75417,0,1
2504,75425,0,1
2505,75428,0,1
2506,75560,0,1
2507,75563,0,1
2508,75573,0,1
2509,75577,0,1
2510,75582,0,1
2511,75641,0,1
2512,75642,0,1
2513,75644,0,1
2514,75670,0,1
2515,75678,0,1
2516,75732,0,1
2517,75735,0,1
2518,75790,0,1
2519,75805,0,1
2520,75826,0,1
2521,75875,0,1
2522,75879,0,1
2523,75892,0,1
2524,75899,0,1
2525,75933,0,1
2526,75942,0,1
2527,75969,0,1
2528,76003,0,1
2529,76031,0,1
2530,76077,0,1
2531,76082,0,1
2532,76093,0,1
2533,76114,0,1
2534,76183,0,1
2535,76187,0,1
2536,76194,0,1
2537,76210,0,1
2538,76211,0,1
2539,76238,0,1
2540,76242,0,1
2541,76270,0,1
2542,76315,0,1
2543,76323,0,1
2544,76384,0,1
2545,76421,0,1
2546,76426,0,1
2547,76461,0,1
2548,76513,0,1
2549,76529,0,1
2550,76536,0,1
2551,76545,0,1
2552,76598,0,1
2553,76603,0,1
2554,76604,0,1
2555,76621,0,1
2556,76624,0,1
2557,76652,0,1
2558,76687,0,1
2559,76688,0,1
2560,76726,0,1
2561,76738,0,1
2562,76760,0,1
2563,76784,0,1
2564,76785,0,1
2565,76793,0,1
2566,76811,0,1
2567,76815,0,1
2568,76830,0,1
2569,76896,0,1
2570,76900,0,1
2571,76906,0,1
2572,76942,0,1
2573,76968,0,1
2574,76975,0,1
2575,77032,0,1
2576,77088,0,1
2577,77093,0,1
2578,77103,0,1
2579,77116,0,1
2580,77130,0,1
2581,77235,0,1
2582,77267,0,1
2583,77313,0,1
2584,77342,0,1
2585,77352,0,1
2586,77368,0,1
2587,77372,0,1
2588,77412,0,1
2589,77529,0,1
2590,77548,0,1
2591,77562,0,1
2592,77572,0,1
2593,77578,0,1
2594,77582,0,1
2595,77631,0,1
2596,77665,0,1
2597,77672,0,1
2598,77719,0,1
2599,77780,0,1
2600,77783,0,1
2601,77784,0,1
2602,77824,0,1
2603,77855,0,1
2604,77901,0,1
2605,77918,0,1
2606,77920,0,1
2607,77935,0,1
2608,77945,0,1
2609,77955,0,1
2610,77970,0,1
2611,77976,0,1
2612,78009,0,1
2613,78013,0,1
2614,78022,0,1
2615,78037,0,1
2616,78039,0,1
2617,78117,0,1
2618,78120,0,1
2619,78121,0,1
2620,78160,0,1
2621,78164,0,1
2622,78248,0,1
2623,78251,0,1
2624,78277,0,1
2625,78497,0,1
2626,78576,0,1
2627,78588,0,1
2628,78610,0,1
2629,78612,0,1
2630,78668,0,1
2631,78680,0,1
2632,78719,0,1
2633,78876,0,1
2634,78910,0,1
2635,78923,0,1
2636,78960,0,1
2637,78987,0,1
2638,79017,0,1
2639,79027,0,1
2640,79032,0,1
2641,79047,0,1
2642,79084,0,1
2643,79108,0,1
2644,79163,0,1
2645,79228,0,1
2646,79271,0,1
2647,79289,0,1
2648,79323,0,1
2649,79357,0,1
2650,79363,0,1
2651,79364,0,1
2652,79390,0,1
2653,79436,0,1
2654,79486,0,1
2655,79506,0,1
2656,79527,0,1
2657,79532,0,1
2658,79606,0,1
2659,79612,0,1
2660,79629,0,1
2661,79667,0,1
2662,79676,0,1
2663,79684,0,1
2664,79722,0,1
2665,79795,0,1
2666,79927,0,1
2667,79951,0,1
2668,79956,0,1
2669,79961,0,1
2670,80032,0,1
2671,80161,0,1
2672,80189,0,1
2673,80190,0,1
2674,80212,0,1
2675,80246,0,1
2676,80249,0,1
2677,80343,0,1
2678,80378,0,1
2679,80410,0,1
2680,80467,0,1
2681,80468,0,1
2682,80471,0,1
2683,80478,0,1
2684,80488,0,1
2685,80521,0,1
2686,80530,0,1
2687,80561,0,1
2688,80572,0,1
2689,80573,0,1
2690,80656,0,1
2691,80679,0,1
2692,80751,0,1
2693,80802,0,1
2694,80840,0,1
2695,80842,0,1
2696,80876,0,1
2697,80892,0,1
2698,80959,0,1
2699,80992,0,1
2700,81072,0,1
2701,81127,0,1
2702,81161,0,1
2703,81166,0,1
2704,81187,0,1
2705,81199,0,1
2706,81251,0,1
2707,81263,0,1
2708,81312,0,1
2709,81403,0,1
2710,81502,0,1
2711,81541,0,1
2712,81588,0,1
2713,81616,0,1
2714,81704,0,1
2715,81748,0,1
2716,81784,0,1
2717,81816,0,1
2718,81901,0,1
2719,81941,0,1
2720,81960,0,1
2721,82040,0,1
2722,82043,0,1
2723,82134,0,1
2724,82183,0,1
2725,82225,0,1
2726,82231,0,1
2727,82232,0,1
2728,82255,0,1
2729,82263,0,1
2730,82307,0,1
2731,82349,0,1
2732,82401,0,1
2733,82410,0,1
2734,82430,0,1
2735,82442,0,1
2736,82472,0,1
2737,82504,0,1
2738,82507,0,1
2739,82515,0,1
2740,82527,0,1
2741,82614,0,1
2742,82657,0,1
2743,82689,0,1
2744,82693,0,1
2745,82708,0,1
2746,82768,0,1
2747,82786,0,1
2748,82816,0,1
2749,82826,0,1
2750,82845,0,1
2751,82851,0,1
2752,82875,0,1
2753,82879,0,1
2754,82915,0,1
2755,82964,0,1
2756,82991,0,1
2757,83073,0,1
2758,83094,0,1
2759,83098,0,1
2760,83128,0,1
2761,83133,0,1
2762,83143,0,1
2763,83159,0,1
2764,83166,0,1
2765,83194,0,1
2766,83199,0,1
2767,83205,0,1
2768,83248,0,1
2769,83282,0,1
2770,83300,0,1
2771,83349,0,1
2772,83375,0,1
2773,83423,0,1
2774,83427,0,1
2775,83455,0,1
2776,83484,0,1
2777,83527,0,1
2778,83560,0,1
2779,83605,0,1
2780,83652,0,1
2781,83744,0,1
2782,83768,0,1
2783,83778,0,1
2784,83788,0,1
2785,83789,0,1
2786,83812,0,1
2787,83813,0,1
2788,83814,0,1
2789,83841,0,1
2790,83885,0,1
2791,83894,0,1
2792,83956,0,1
2793,83958,0,1
2794,83971,0,1
2795,84009,0,1
2796,84018,0,1
2797,84069,0,1
2798,84075,0,1
2799,84096,0,1
2800,84102,0,1
2801,84137,0,1
2802,84147,0,1
2803,84171,0,1
2804,84197,0,1
2805,84235,0,1
2806,84256,0,1
2807,84297,0,1
2808,84318,0,1
2809,84380,0,1
2810,84396,0,1
2811,84400,0,1
2812,84439,0,1
2813,84583,0,1
2814,84592,0,1
2815,84645,0,1
2816,84657,0,1
2817,84678,0,1
2818,84850,0,1
2819,84909,0,1
2820,84985,0,1
2821,85096,0,1
2822,85119,0,1
2823,85130,0,1
2824,85152,0,1
2825,85198,0,1
2826,85216,0,1
2827,85236,0,1
2828,85276,0,1
2829,85311,0,1
2830,85325,0,1
2831,85337,0,1
2832,85347,0,1
2833,85367,0,1
2834,85377,0,1
2835,85382,0,1
2836,85386,0,1
2837,85457,0,1
2838,85464,0,1
2839,85588,0,1
2840,85611,0,1
2841,85616,0,1
2842,85646,0,1
2843,85654,0,1
2844,85660,0,1
2845,85699,0,1
2846,85710,0,1
2847,85762,0,1
2848,85763,0,1
2849,85789,0,1
2850,85805,0,1
2851,85815,0,1
2852,85826,0,1
2853,85839,0,1
2854,85917,0,1
2855,86044,0,1
2856,86045,0,1
2857,86168,0,1
2858,86212,0,1
2859,86235,0,1
2860,86253,0,1
2861,86444,0,1
2862,86452,0,1
2863,86465,0,1
2864,86497,0,1
2865,86581,0,1
2866,86584,0,1
2867,86598,0,1
2868,86606,0,1
2869,86619,0,1
2870,86625,0,1
2871,86754,0,1
2872,86792,0,1
2873,86802,0,1
2874,86818,0,1
2875,86919,0,1
2876,86958,0,1
2877,86976,0,1
2878,87009,0,1
2879,87013,0,1
2880,87058,0,1
2881,87059,0,1
2882,87075,0,1
2883,87076,0,1
2884,87147,0,1
2885,87193,0,1
2886,87202,0,1
2887,87250,0,1
2888,87280,0,1
2889,87310,0,1
2890,87348,0,1
2891,87363,0,1
2892,87364,0,1
2893,87386,0,1
2894,87486,0,1
2895,87497,0,1
2896,87550,0,1
2897,87586,0,1
2898,87610,0,1
2899,87654,0,1
2900,87735,0,1
2901,87785,0,1
2902,87837,0,1
2903,87843,0,1
2904,87847,0,1
2905,87850,0,1
2906,87942,0,1
2907,87959,0,1
2908,87982,0,1
2909,88083,0,1
2910,88094,0,1
2911,88149,0,1
2912,88162,0,1
2913,88219,0,1
2914,88257,0,1
2915,88324,0,1
2916,88416,0,1
2917,88482,0,1
2918,88683,0,1
2919,88685,0,1
2920,88691,0,1
2921,88730,0,1
2922,88743,0,1
2923,88774,0,1
2924,88775,0,1
2925,88800,0,1
2926,88833,0,1
2927,88849,0,1
2928,89129,0,1
2929,89137,0,1
2930,89248,0,1
2931,89258,0,1
2932,89297,0,1
2933,89372,0,1
2934,89418,0,1
2935,89449,0,1
2936,89491,0,1
2937,89500,0,1
2938,89506,0,1
2939,89523,0,1
2940,89544,0,1
2941,89570,0,1
2942,89630,0,1
2943,89631,0,1
2944,89650,0,1
2945,89725,0,1
2946,89727,0,1
2947,89743,0,1
2948,89851,0,1
2949,89887,0,1
2950,89921,0,1
2951,89944,0,1
2952,89947,0,1
2953,89962,0,1
2954,90009,0,1
2955,90028,0,1
2956,90039,0,1
2957,90040,0,1
2958,90049,0,1
2959,90137,0,1
2960,90143,0,1
2961,90157,0,1
2962,90161,0,1
2963,90169,0,1
2964,90186,0,1
2965,90299,0,1
2966,90314,0,1
2967,90320,0,1
2968,90388,0,1
2969,90435,0,1
2970,90504,0,1
2971,90574,0,1
2972,90576,0,1
2973,90612,0,1
2974,90634,0,1
2975,90643,0,1
2976,90744,0,1
2977,90766,0,1
2978,90890,0,1
2979,90924,0,1
2980,91030,0,1
2981,91100,0,1
2982,91155,0,1
2983,91195,0,1
2984,91211,0,1
2985,91228,0,1
2986,91430,0,1
2987,91550,0,1
2988,91558,0,1
2989,91594,0,1
2990,91651,0,1
2991,91683,0,1
2992,91749,0,1
2993,91796,0,1
2994,91949,0,1
2995,91989,0,1
2996,92012,0,1
2997,92020,0,1
2998,92024,0,1
2999,92055,0,1
3000,92096,0,1
3001,92105,0,1
3002,92156,0,1
3003,92198,0,1
3004,92276,0,1
3005,92280,0,1
3006,92305,0,1
3007,92333,0,1
3008,92347,0,1
3009,92369,0,1
3010,92416,0,1
3011,92427,0,1
3012,92478,0,1
3013,92542,0,1
3014,92553,0,1
3015,92598,0,1
3016,92612,0,1
3017,92797,0,1
3018,92822,0,1
3019,92846,0,1
3020,92864,0,1
3021,92898,0,1
3022,92924,0,1
3023,92973,0,1
3024,93177,0,1
3025,93312,0,1
3026,93360,0,1
3027,93374,0,1
3028,93379,0,1
3029,93390,0,1
3030,93391,0,1
3031,93408,0,1
3032,93418,0,1
3033,93435,0,1
3034,93470,0,1
3035,93475,0,1
3036,93485,0,1
3037,93525,0,1
3038,93564,0,1
3039,93590,0,1
3040,93609,0,1
3041,93638,0,1
3042,93712,0,1
3043,93770,0,1
3044,93800,0,1
3045,93830,0,1
3046,93884,0,1
3047,93927,0,1
3048,93948,0,1
3049,93989,0,1
3050,94037,0,1
3051,94066,0,1
3052,94075,0,1
3053,94078,0,1
3054,94079,0,1
3055,94123,0,1
3056,94133,0,1
3057,94156,0,1
3058,94170,0,1
3059,94224,0,1
3060,94227,0,1
3061,94232,0,1
3062,94233,0,1
3063,94272,0,1
3064,94284,0,1
3065,94292,0,1
3066,94302,0,1
3067,94315,0,1
3068,94380,0,1
3069,94406,0,1
3070,94409,0,1
3071,94421,0,1
3072,94429,0,1
3073,94438,0,1
3074,94525,0,1
3075,94544,0,1
3076,94553,0,1
3077,94624,0,1
3078,94639,0,1
3079,94647,0,1
3080,94666,0,1
3081,94820,0,1
3082,94885,0,1
3083,94965,0,1
3084,95020,0,1
3085,95054,0,1
3086,95095,0,1
3087,95162,0,1
3088,95314,0,1
3089,95354,0,1
3090,95393,0,1
3091,95449,0,1
3092,95483,0,1
3093,95531,0,1
3094,95622,0,1
3095,95662,0,1
3096,95731,0,1
3097,95750,0,1
3098,95770,0,1
3099,95784,0,1
3100,95791,0,1
3101,95799,0,1
3102,95845,0,1
3103,95853,0,1
3104,95966,0,1
3105,95969,0,1
3106,96030,0,1
3107,96057,0,1
3108,96109,0,1
3109,96118,0,1
3110,96122,0,1
3111,96134,0,1
3112,96153,0,1
3113,96201,0,1
3114,96212,0,1
3115,96257,0,1
3116,96391,0,1
3117,96451,0,1
3118,96484,0,1
3119,96489,0,1
3120,96513,0,1
3121,96542,0,1
3122,96560,0,1
3123,96607,0,1
3124,96679,0,1
3125,96741,0,1
3126,96744,0,1
3127,96773,0,1
3128,96817,0,1
3129,96824,0,1
3130,96859,0,1
3131,96964,0,1
3132,96982,0,1
3133,97011,0,1
3134,97017,0,1
3135,97031,0,1
3136,97092,0,1
3137,97101,0,1
3138,97115,0,1
3139,97122,0,1
3140,97161,0,1
3141,97168,0,1
3142,97218,0,1
3143,97296,0,1
3144,97322,0,1
3145,97325,0,1
3146,97373,0,1
3147,97458,0,1
3148,97549,0,1
3149,97592,0,1
3150,97594,0,1
3151,97628,0,1
3152,97636,0,1
3153,97640,0,1
3154,97712,0,1
3155,97716,0,1
3156,97721,0,1
3157,97723,0,1
3158,97764,0,1
3159,97798,0,1
3160,97800,0,1
3161,97804,0,1
3162,97930,0,1
3163,97931,0,1
3164,97964,0,1
3165,98000,0,1
3166,98014,0,1
3167,98026,0,1
3168,98065,0,1
3169,98100,0,1
3170,98162,0,1
3171,98187,0,1
3172,98191,0,1
3173,98198,0,1
3174,98205,0,1
3175,98278,0,1
3176,98372,0,1
3177,98475,0,1
3178,98518,0,1
3179,98523,0,1
3180,98577,0,1
3181,98627,0,1
3182,98772,0,1
3183,98777,0,1
3184,98800,0,1
3185,98831,0,1
3186,98834,0,1
3187,98878,0,1
3188,98891,0,1
3189,98951,0,1
3190,98961,0,1
3191,99030,0,1
3192,99090,0,1
3193,99095,0,1
3194,99142,0,1
3195,99171,0,1
3196,99188,0,1
3197,99236,0,1
3198,99317,0,1
3199,99363,0,1
3200,99368,0,1
3201,99461,0,1
3202,99485,0,1
3203,99496,0,1
3204,99534,0,1
3205,99552,0,1
3206,99589,0,1
3207,99600,0,1
3208,99675,0,1
3209,99710,0,1
3210,99767,0,1
3211,99834,0,1
3212,99845,0,1
3213,99861,0,1
3214,99875,0,1
3215,99891,0,1
3216,99937,0,1
3217,99951,0,1
3218,100031,0,1
3219,100032,0,1
3220,100126,0,1
3221,100167,0,1
3222,100198,0,1
3223,100212,0,1
3224,100269,0,1
3225,100375,0,1
3226,100399,0,1
3227,100431,0,1
3228,100460,0,1
3229,100476,0,1
3230,100503,0,1
3231,100574,0,1
3232,100598,0,1
3233,100667,0,1
3234,100764,0,1
3235,100806,0,1
3236,100813,0,1
3237,100832,0,1
3238,100883,0,1
3239,100930,0,1
3240,101013,0,1
3241,101055,0,1
3242,101187,0,1
3243,101287,0,1
3244,101298,0,1
3245,101359,0,1
3246,101427,0,1
3247,101509,0,1
3248,101512,0,1
3249,101528,0,1
3250,101570,0,1
3251,101689,0,1
3252,101757,0,1
3253,101806,0,1
3254,101816,0,1
3255,101820,0,1
3256,101853,0,1
3257,101883,0,1
3258,102073,0,1
3259,102088,0,1
3260,102096,0,1
3261,102110,0,1
3262,102139,0,1
3263,102152,0,1
3264,102183,0,1
3265,102198,0,1
3266,102225,0,1
3267,102345,0,1
3268,102348,0,1
3269,102350,0,1
3270,102377,0,1
3271,102394,0,1
3272,102412,0,1
3273,102439,0,1
3274,102451,0,1
3275,102458,0,1
3276,102468,0,1
3277,102481,0,1
3278,102486,0,1
3279,102495,0,1
3280,102500,0,1
3281,102523,0,1
3282,102571,0,1
3283,102707,0,1
3284,102746,0,1
3285,102857,0,1
3286,102871,0,1
3287,102998,0,1
3288,103083,0,1
3289,103182,0,1
3290,103202,0,1
3291,103220,0,1
3292,103237,0,1
3293,103322,0,1
3294,103332,0,1
3295,103408,0,1
3296,103425,0,1
3297,103486,0,1
3298,103516,0,1
3299,103518,0,1
3300,103534,0,1
3301,103564,0,1
3302,103579,0,1
3303,103587,0,1
3304,103623,0,1
3305,103732,0,1
3306,103848,0,1
3307,103872,0,1
3308,103904,0,1
3309,103936,0,1
3310,103959,0,1
3311,103970,0,1
3312,104000,0,1
3313,104101,0,1
3314,104132,0,1
3315,104159,0,1
3316,104226,0,1
3317,104305,0,1
3318,104397,0,1
3319,104427,0,1
3320,104456,0,1
3321,104498,0,1
3322,104507,0,1
3323,104563,0,1
3324,104564,0,1
3325,104588,0,1
3326,104651,0,1
3327,104664,0,1
3328,104665,0,1
3329,104666,0,1
3330,104667,0,1
3331,104671,0,1
3332,104708,0,1
3333,104745,0,1
3334,104790,0,1
3335,104832,0,1
3336,104859,0,1
3337,104898,0,1
3338,104900,0,1
3339,104904,0,1
3340,104948,0,1
3341,104976,0,1
3342,105049,0,1
3343,105051,0,1
3344,105062,0,1
3345,105065,0,1
3346,105187,0,1
3347,105196,0,1
3348,105266,0,1
3349,105301,0,1
3350,105348,0,1
3351,105357,0,1
3352,105368,0,1
3353,105374,0,1
3354,105378,0,1
3355,105392,0,1
3356,105395,0,1
3357,105396,0,1
3358,105424,0,1
3359,105430,0,1
3360,105432,0,1
3361,105464,0,1
3362,105486,0,1
3363,105534,0,1
3364,105546,0,1
3365,105557,0,1
3366,105573,0,1
3367,105588,0,1
3368,105590,0,1
3369,105629,0,1
3370,105631,0,1
3371,105639,0,1
3372,105663,0,1
3373,105699,0,1
3374,105712,0,1
3375,105757,0,1
3376,105765,0,1
3377,105809,0,1
3378,105854,0,1
3379,105886,0,1
3380,105937,0,1
3381,105944,0,1
3382,106012,0,1
3383,106020,0,1
3384,106149,0,1
3385,106321,0,1
3386,106337,0,1
3387,106350,0,1
3388,106355,0,1
3389,106378,0,1
3390,106460,0,1
3391,106461,0,1
3392,106500,0,1
3393,106511,0,1
3394,106522,0,1
3395,106615,0,1
3396,106647,0,1
3397,106675,0,1
3398,106749,0,1
3399,106753,0,1
3400,106839,0,1
3401,106869,0,1
3402,106938,0,1
3403,106950,0,1
3404,107055,0,1
3405,107091,0,1
3406,107123,0,1
3407,107182,0,1
3408,107230,0,1
3409,107232,0,1
3410,107291,0,1
3411,107302,0,1
3412,107368,0,1
3413,107384,0,1
3414,107427,0,1
3415,107508,0,1
3416,107514,0,1
3417,107552,0,1
3418,107557,0,1
3419,107605,0,1
3420,107612,0,1
3421,107712,0,1
3422,107818,0,1
3423,107831,0,1
3424,107919,0,1
3425,108076,0,1
3426,108077,0,1
3427,108083,0,1
3428,108108,0,1
3429,108155,0,1
3430,108191,0,1
3431,108208,0,1
3432,108286,0,1
3433,108350,0,1
3434,108423,0,1
3435,108433,0,1
3436,108477,0,1
3437,108541,0,1
3438,108623,0,1
3439,108643,0,1
3440,108644,0,1
3441,108691,0,1
3442,108736,0,1
3443,108738,0,1
3444,108750,0,1
3445,108757,0,1
3446,108759,0,1
3447,108790,0,1
3448,108895,0,1
3449,108918,0,1
3450,108996,0,1
3451,109134,0,1
3452,109156,0,1
3453,109167,0,1
3454,109176,0,1
3455,109272,0,1
3456,109326,0,1
3457,109397,0,1
3458,109420,0,1
3459,109457,0,1
3460,109496,0,1
3461,109516,0,1
3462,109557,0,1
3463,109650,0,1
3464,109671,0,1
3465,109675,0,1
3466,109689,0,1
3467,109736,0,1
3468,109754,0,1
3469,109763,0,1
3470,109771,0,1
3471,109821,0,1
3472,109858,0,1
3473,109881,0,1
3474,109886,0,1
3475,109982,0,1
3476,109985,0,1
3477,110041,0,1
3478,110051,0,1
3479,110076,0,1
3480,110087,0,1
3481,110088,0,1
3482,110096,0,1
3483,110108,0,1
3484,110144,0,1
3485,110200,0,1
3486,110212,0,1
3487,110271,0,1
3488,110322,0,1
3489,110372,0,1
3490,110380,0,1
3491,110479,0,1
3492,110495,0,1
3493,110522,0,1
3494,110524,0,1
3495,110528,0,1
3496,110587,0,1
3497,110655,0,1
3498,110668,0,1
3499,110682,0,1
3500,110686,0,1
3501,110691,0,1
3502,110711,0,1
3503,110888,0,1
3504,110906,0,1
3505,110916,0,1
3506,110920,0,1
3507,110934,0,1
3508,110945,0,1
3509,111110,0,1
3510,111111,0,1
3511,111193,0,1
3512,111196,0,1
3513,111244,0,1
3514,111258,0,1
3515,111289,0,1
3516,111297,0,1
3517,111325,0,1
3518,111374,0,1
3519,111429,0,1
3520,111489,0,1
3521,111512,0,1
3522,111523,0,1
3523,111569,0,1
3524,111780,0,1
3525,111812,0,1
3526,111828,0,1
3527,111838,0,1
3528,111927,0,1
3529,111943,0,1
3530,111974,0,1
3531,112015,0,1
3532,112021,0,1
3533,112023,0,1
3534,112031,0,1
3535,112201,0,1
3536,112214,0,1
3537,112324,0,1
3538,112335,0,1
3539,112341,0,1
3540,112398,0,1
3541,112409,0,1
3542,112518,0,1
3543,112523,0,1
3544,112544,0,1
3545,112719,0,1
3546,112771,0,1
3547,112775,0,1
3548,112806,0,1
3549,112840,0,1
3550,112844,0,1
3551,112845,0,1
3552,112855,0,1
3553,112996,0,1
3554,113017,0,1
3555,113047,0,1
3556,113069,0,1
3557,113073,0,1
3558,113085,0,1
3559,113154,0,1
3560,113161,0,1
3561,113183,0,1
3562,113221,0,1
3563,113237,0,1
3564,113277,0,1
3565,113278,0,1
3566,113331,0,1
3567,113358,0,1
3568,113408,0,1
3569,113487,0,1
3570,113495,0,1
3571,113504,0,1
3572,113510,0,1
3573,113518,0,1
3574,113544,0,1
3575,113630,0,1
3576,113635,0,1
3577,113656,0,1
3578,113692,0,1
3579,113700,0,1
3580,113706,0,1
3581,113717,0,1
3582,113731,0,1
3583,113776,0,1
3584,113797,0,1
3585,113804,0,1
3586,113829,0,1
3587,113915,0,1
3588,113921,0,1
3589,113926,0,1
3590,113928,0,1
3591,113967,0,1
3592,113995,0,1
3593,113996,0,1
3594,114027,0,1
3595,114096,0,1
3596,114124,0,1
3597,114139,0,1
3598,114159,0,1
3599,114166,0,1
3600,114197,0,1
3601,114263,0,1
3602,114294,0,1
3603,114374,0,1
3604,114382,0,1
3605,114455,0,1
3606,114490,0,1
3607,114493,0,1
3608,114502,0,1
3609,114510,0,1
3610,114660,0,1
3611,114730,0,1
3612,114763,0,1
3613,114809,0,1
3614,114815,0,1
3615,114821,0,1
3616,115011,0,1
3617,115018,0,1
3618,115050,0,1
3619,115073,0,1
3620,115093,0,1
3621,115167,0,1
3622,115186,0,1
3623,115207,0,1
3624,115262,0,1
3625,115312,0,1
3626,115367,0,1
3627,115444,0,1
3628,115454,0,1
3629,115498,0,1
3630,115527,0,1
3631,115543,0,1
3632,115586,0,1
3633,115604,0,1
3634,115631,0,1
3635,115635,0,1
3636,115647,0,1
3637,115652,0,1
3638,115685,0,1
3639,115723,0,1
3640,115774,0,1
3641,115928,0,1
3642,115951,0,1
3643,116001,0,1
3644,116070,0,1
3645,116132,0,1
3646,116214,0,1
3647,116300,0,1
3648,116309,0,1
3649,116405,0,1
3650,116411,0,1
3651,116461,0,1
3652,116480,0,1
3653,116690,0,1
3654,116765,0,1
3655,116779,0,1
3656,116784,0,1
3657,116835,0,1
3658,116844,0,1
3659,116933,0,1
3660,116945,0,1
3661,116986,0,1
3662,116993,0,1
3663,117027,0,1
3664,117105,0,1
3665,117120,0,1
3666,117124,0,1
3667,117133,0,1
3668,117227,0,1
3669,117267,0,1
3670,117290,0,1
3671,117393,0,1
3672,117412,0,1
3673,117413,0,1
3674,117444,0,1
3675,117449,0,1
3676,117465,0,1
3677,117479,0,1
3678,117493,0,1
3679,117550,0,1
3680,117573,0,1
3681,117588,0,1
3682,117621,0,1
3683,117623,0,1
3684,117644,0,1
3685,117688,0,1
3686,117702,0,1
3687,117849,0,1
3688,117865,0,1
3689,117867,0,1
3690,117879,0,1
3691,117900,0,1
3692,118007,0,1
3693,118009,0,1
3694,118016,0,1
3695,118045,0,1
3696,118098,0,1
3697,118104,0,1
3698,118105,0,1
3699,118153,0,1
3700,118165,0,1
3701,118200,0,1
3702,118208,0,1
3703,118223,0,1
3704,118229,0,1
3705,118261,0,1
3706,118274,0,1
3707,118330,0,1
3708,118352,0,1
3709,118366,0,1
3710,118408,0,1
3711,118468,0,1
3712,118484,0,1
3713,118513,0,1
3714,118519,0,1
3715,118544,0,1
3716,118575,0,1
3717,118603,0,1
3718,118614,0,1
3719,118636,0,1
3720,118669,0,1
3721,118672,0,1
3722,118716,0,1
3723,118743,0,1
3724,118783,0,1
3725,118822,0,1
3726,118841,0,1
3727,118874,0,1
3728,118901,0,1
3729,118911,0,1
3730,118956,0,1
3731,118966,0,1
3732,118985,0,1
3733,119009,0,1
3734,119041,0,1
3735,119216,0,1
3736,119243,0,1
3737,119308,0,1
3738,119361,0,1
3739,119589,0,1
3740,119611,0,1
3741,119629,0,1
3742,119697,0,1
3743,119737,0,1
3744,119763,0,1
3745,119787,0,1
3746,119828,0,1
3747,119830,0,1
3748,119831,0,1
3749,119836,0,1
3750,119844,0,1
3751,119897,0,1
3752,119911,0,1
3753,119966,0,1
3754,120140,0,1
3755,120153,0,1
3756,120157,0,1
3757,120216,0,1
3758,120247,0,1
3759,120259,0,1
3760,120313,0,1
3761,120406,0,1
3762,120462,0,1
3763,120477,0,1
3764,120482,0,1
3765,120502,0,1
3766,120577,0,1
3767,120634,0,1
3768,120704,0,1
3769,120727,0,1
3770,120806,0,1
3771,120849,0,1
3772,120882,0,1
3773,120889,0,1
3774,120972,0,1
3775,120981,0,1
3776,121020,0,1
3777,121054,0,1
3778,121085,0,1
3779,121087,0,1
3780,121170,0,1
3781,121227,0,1
3782,121228,0,1
3783,121247,0,1
3784,121263,0,1
3785,121273,0,1
3786,121319,0,1
3787,121359,0,1
3788,121421,0,1
3789,121470,0,1
3790,121481,0,1
3791,121521,0,1
3792,121527,0,1
3793,121559,0,1
3794,121581,0,1
3795,121673,0,1
3796,121678,0,1
3797,121685,0,1
3798,121724,0,1
3799,121787,0,1
3800,121801,0,1
3801,121817,0,1
3802,121893,0,1
3803,121917,0,1
3804,121934,0,1
3805,121942,0,1
3806,121961,0,1
3807,121967,0,1
3808,122011,0,1
3809,122015,0,1
3810,122050,0,1
3811,122106,0,1
3812,122131,0,1
3813,122144,0,1
3814,122145,0,1
3815,122173,0,1
3816,122176,0,1
3817,122183,0,1
3818,122197,0,1
3819,122215,0,1
3820,122259,0,1
3821,122282,0,1
3822,122291,0,1
3823,122320,0,1
3824,122387,0,1
3825,122389,0,1
3826,122394,0,1
3827,122401,0,1
3828,122404,0,1
3829,122473,0,1
3830,122490,0,1
3831,122510,0,1
3832,122526,0,1
3833,122527,0,1
3834,122564,0,1
3835,122608,0,1
3836,122618,0,1
3837,122650,0,1
3838,122658,0,1
3839,122715,0,1
3840,122719,0,1
3841,122747,0,1
3842,122787,0,1
3843,122819,0,1
3844,122838,0,1
3845,122853,0,1
3846,122866,0,1
3847,122892,0,1
3848,122896,0,1
3849,122904,0,1
3850,122978,0,1
3851,122981,0,1
3852,123019,0,1
3853,123024,0,1
3854,123029,0,1
3855,123078,0,1
3856,123186,0,1
3857,123193,0,1
3858,123234,0,1
3859,123245,0,1
3860,123246,0,1
3861,123283,0,1
3862,123294,0,1
3863,123297,0,1
3864,123305,0,1
3865,123326,0,1
3866,123361,0,1
3867,123375,0,1
3868,123382,0,1
3869,123421,0,1
3870,123451,0,1
3871,123453,0,1
3872,123530,0,1
3873,123532,0,1
3874,123578,0,1
3875,123582,0,1
3876,123600,0,1
3877,123604,0,1
3878,123630,0,1
3879,123655,0,1
3880,123698,0,1
3881,123703,0,1
3882,123716,0,1
3883,123769,0,1
3884,123771,0,1
3885,123861,0,1
3886,123890,0,1
3887,123953,0,1
3888,123956,0,1
3889,123961,0,1
3890,123968,0,1
3891,123999,0,1
3892,124051,0,1
3893,124057,0,1
3894,124058,0,1
3895,124074,0,1
3896,124092,0,1
3897,124105,0,1
3898,124134,0,1
3899,124154,0,1
3900,124158,0,1
3901,124174,0,1
3902,124182,0,1
3903,124197,0,1
3904,124215,0,1
3905,124251,0,1
3906,124252,0,1
3907,124269,0,1
3908,124273,0,1
3909,124294,0,1
3910,124307,0,1
3911,124343,0,1
3912,124356,0,1
3913,124369,0,1
3914,124377,0,1
3915,124397,0,1
3916,124407,0,1
3917,124428,0,1
3918,124465,0,1
3919,124474,0,1
3920,124543,0,1
3921,124588,0,1
3922,124646,0,1
3923,124649,0,1
3924,124657,0,1
3925,124658,0,1
3926,124670,0,1
3927,124681,0,1
3928,124701,0,1
3929,124786,0,1
3930,124795,0,1
3931,124796,0,1
3932,124820,0,1
3933,124877,0,1
3934,124892,0,1
3935,124976,0,1
3936,124980,0,1
3937,125010,0,1
3938,125011,0,1
3939,125025,0,1
3940,125041,0,1
3941,125057,0,1
3942,125073,0,1
3943,125088,0,1
3944,125114,0,1
3945,125155,0,1
3946,125177,0,1
3947,125178,0,1
3948,125211,0,1
3949,125225,0,1
3950,125245,0,1
3951,125282,0,1
3952,125307,0,1
3953,125315,0,1
3954,125397,0,1
3955,125442,0,1
3956,125454,0,1
3957,125501,0,1
3958,125538,0,1
3959,125548,0,1
3960,125549,0,1
3961,125564,0,1
3962,125605,0,1
3963,125614,0,1
3964,125655,0,1
3965,125659,0,1
3966,125680,0,1
3967,125686,0,1
3968,125706,0,1
3969,125714,0,1
3970,125756,0,1
3971,125759,0,1
3972,125766,0,1
3973,125769,0,1
3974,125785,0,1
3975,125800,0,1
3976,125846,0,1
3977,125855,0,1
3978,125863,0,1
3979,125909,0,1
3980,125976,0,1
3981,125981,0,1
3982,126021,0,1
3983,126044,0,1
3984,126057,0,1
3985,126078,0,1
3986,126113,0,1
3987,126138,0,1
3988,126165,0,1
3989,126194,0,1
3990,126249,0,1
3991,126268,0,1
3992,126280,0,1
3993,126314,0,1
3994,126321,0,1
3995,126334,0,1
3996,126348,0,1
3997,126353,0,1
3998,126372,0,1
3999,126402,0,1
4000,126454,0,1
4001,126457,0,1
4002,126458,0,1
4003,126465,0,1
4004,126482,0,1
4005,126488,0,1
4006,126490,0,1
4007,126497,0,1
4008,126513,0,1
4009,126551,0,1
4010,126567,0,1
4011,126569,0,1
4012,126593,0,1
4013,126640,0,1
4014,126801,0,1
4015,126817,0,1
4016,126829,0,1
4017,126853,0,1
4018,126859,0,1
4019,126901,0,1
4020,126934,0,1
4021,126949,0,1
4022,126969,0,1
4023,126993,0,1
4024,127001,0,1
4025,127019,0,1
4026,127029,0,1
4027,127040,0,1
4028,127059,0,1
4029,127130,0,1
4030,127171,0,1
4031,127175,0,1
4032,127188,0,1
4033,127221,0,1
4034,127258,0,1
4035,127376,0,1
4036,127400,0,1
4037,127427,0,1
4038,127432,0,1
4039,127460,0,1
4040,127539,0,1
4041,127600,0,1
4042,127606,0,1
4043,127659,0,1
4044,127847,0,1
4045,127884,0,1
4046,127924,0,1
4047,127938,0,1
4048,127990,0,1
4049,127996,0,1
4050,128000,0,1
4051,128039,0,1
4052,128053,0,1
4053,128067,0,1
4054,128104,0,1
4055,128242,0,1
4056,128315,0,1
4057,128326,0,1
4058,128370,0,1
4059,128446,0,1
4060,128502,0,1
4061,128522,0,1
4062,128524,0,1
4063,128627,0,1
4064,128650,0,1
4065,128762,0,1
4066,128806,0,1
4067,128876,0,1
4068,128884,0,1
4069,128910,0,1
4070,128926,0,1
4071,129001,0,1
4072,129075,0,1
4073,129077,0,1
4074,129078,0,1
4075,129125,0,1
4076,129142,0,1
4077,129196,0,1
4078,129244,0,1
4079,129275,0,1
4080,129278,0,1
4081,129380,0,1
4082,129381,0,1
4083,129450,0,1
4084,129460,0,1
4085,129577,0,1
4086,129613,0,1
4087,129618,0,1
4088,129688,0,1
4089,129704,0,1
4090,129723,0,1
4091,129760,0,1
4092,129876,0,1
4093,129954,0,1
4094,129967,0,1
4095,129983,0,1
4096,129999,0,1
4097,130006,0,1
4098,130018,0,1
4099,130057,0,1
4100,130107,0,1
4101,130183,0,1
4102,130223,0,1
4103,130274,0,1
4104,130305,0,1
4105,130339,0,1
4106,130384,0,1
4107,130451,0,1
4108,130531,0,1
4109,130544,0,1
4110,130585,0,1
4111,130590,0,1
4112,130601,0,1
4113,130630,0,1
4114,130646,0,1
4115,130702,0,1
4116,130721,0,1
4117,130761,0,1
4118,130817,0,1
4119,130842,0,1
4120,130843,0,1
4121,130846,0,1
4122,130895,0,1
4123,130966,0,1
4124,131010,0,1
4125,131044,0,1
4126,131065,0,1
4127,131079,0,1
4128,131102,0,1
4129,131120,0,1
4130,131141,0,1
4131,131165,0,1
4132,131168,0,1
4133,131204,0,1
4134,131218,0,1
4135,131286,0,1
4136,131292,0,1
4137,131310,0,1
4138,131329,0,1
4139,131356,0,1
4140,131462,0,1
4141,131498,0,1
4142,131503,0,1
4143,131508,0,1
4144,131512,0,1
4145,131524,0,1
4146,131555,0,1
4147,131558,0,1
4148,131580,0,1
4149,131598,0,1
4150,131609,0,1
4151,131622,0,1
4152,131623,0,1
4153,131636,0,1
4154,131655,0,1
4155,131663,0,1
4156,131749,0,1
4157,131754,0,1
4158,131765,0,1
4159,131796,0,1
4160,131850,0,1
4161,131852,0,1
4162,131874,0,1
4163,131896,0,1
4164,131904,0,1
4165,131945,0,1
4166,131947,0,1
4167,132029,0,1
4168,132033,0,1
4169,132064,0,1
4170,132091,0,1
4171,132092,0,1
4172,132106,0,1
4173,132181,0,1
4174,132200,0,1
4175,132264,0,1
4176,132269,0,1
4177,132284,0,1
4178,132306,0,1
4179,132328,0,1
4180,132332,0,1
4181,132335,0,1
4182,132392,0,1
4183,132394,0,1
4184,132406,0,1
4185,132420,0,1
4186,132482,0,1
4187,132582,0,1
4188,132590,0,1
4189,132600,0,1
4190,132665,0,1
4191,132698,0,1
4192,132704,0,1
4193,132720,0,1
4194,132723,0,1
4195,132736,0,1
4196,132788,0,1
4197,132804,0,1
4198,132853,0,1
4199,132951,0,1
4200,132988,0,1
4201,133023,0,1
4202,133055,0,1
4203,133074,0,1
4204,133081,0,1
4205,133115,0,1
4206,133236,0,1
4207,133296,0,1
4208,133312,0,1
4209,133377,0,1
4210,133443,0,1
4211,133476,0,1
4212,133494,0,1
4213,133524,0,1
4214,133536,0,1
4215,133555,0,1
4216,133561,0,1
4217,133664,0,1
4218,133759,0,1
4219,133767,0,1
4220,133857,0,1
4221,133915,0,1
4222,133939,0,1
4223,133951,0,1
4224,133958,0,1
4225,133968,0,1
4226,133971,0,1
4227,133996,0,1
4228,134010,0,1
4229,134021,0,1
4230,134271,0,1
4231,134281,0,1
4232,134357,0,1
4233,134424,0,1
4234,134483,0,1
4235,134540,0,1
4236,134568,0,1
4237,134591,0,1
4238,134601,0,1
4239,134637,0,1
4240,134650,0,1
4241,134671,0,1
4242,134709,0,1
4243,134716,0,1
4244,134735,0,1
4245,134772,0,1
4246,134786,0,1
4247,134838,0,1
4248,134861,0,1
4249,134977,0,1
4250,135009,0,1
4251,135016,0,1
4252,135056,0,1
4253,135093,0,1
4254,135171,0,1
4255,135219,0,1
4256,135255,0,1
4257,135322,0,1
4258,135335,0,1
4259,135380,0,1
4260,135392,0,1
4261,135402,0,1
4262,135408,0,1
4263,135469,0,1
4264,135493,0,1
4265,135563,0,1
4266,135585,0,1
4267,135629,0,1
4268,135724,0,1
4269,135772,0,1
4270,135820,0,1
4271,135845,0,1
4272,135853,0,1
4273,135889,0,1
4274,135897,0,1
4275,135920,0,1
4276,135940,0,1
4277,135977,0,1
4278,135990,0,1
4279,136024,0,1
4280,136053,0,1
4281,136123,0,1
4282,136140,0,1
4283,136176,0,1
4284,136242,0,1
4285,136279,0,1
4286,136298,0,1
4287,136305,0,1
4288,136340,0,1
4289,136358,0,1
4290,136396,0,1
4291,136401,0,1
4292,136415,0,1
4293,136439,0,1
4294,136450,0,1
4295,136494,0,1
4296,136588,0,1
4297,136628,0,1
4298,136629,0,1
4299,136666,0,1
4300,136712,0,1
4301,136720,0,1
4302,136729,0,1
4303,136753,0,1
4304,136759,0,1
4305,136768,0,1
4306,136771,0,1
4307,136855,0,1
4308,136892,0,1
4309,136936,0,1
4310,136983,0,1
4311,137007,0,1
4312,137046,0,1
4313,137071,0,1
4314,137095,0,1
4315,137143,0,1
4316,137168,0,1
4317,137199,0,1
4318,137201,0,1
4319,137218,0,1
4320,137242,0,1
4321,137275,0,1
4322,137286,0,1
4323,137308,0,1
4324,137322,0,1
4325,137327,0,1
4326,137367,0,1
4327,137368,0,1
4328,137378,0,1
4329,137403,0,1
4330,137431,0,1
4331,137451,0,1
4332,137511,0,1
4333,137526,0,1
4334,137530,0,1
4335,137580,0,1
4336,137672,0,1
4337,137751,0,1
4338,137821,0,1
4339,137840,0,1
4340,137848,0,1
4341,137879,0,1
4342,137889,0,1
4343,137911,0,1
4344,137938,0,1
4345,137963,0,1
4346,138000,0,1
4347,138032,0,1
4348,138036,0,1
4349,138054,0,1
4350,138118,0,1
4351,138131,0,1
4352,138139,0,1
4353,138158,0,1
4354,138174,0,1
4355,138261,0,1
4356,138316,0,1
4357,138350,0,1
4358,138371,0,1
4359,138398,0,1
4360,138420,0,1
4361,138450,0,1
4362,138478,0,1
4363,138489,0,1
4364,138511,0,1
4365,138515,0,1
4366,138543,0,1
4367,138697,0,1
4368,138782,0,1
4369,138795,0,1
4370,138808,0,1
4371,138855,0,1
4372,138865,0,1
4373,138886,0,1
4374,138986,0,1
4375,138987,0,1
4376,139032,0,1
4377,139035,0,1
4378,139037,0,1
4379,139083,0,1
4380,139142,0,1
4381,139159,0,1
4382,139207,0,1
4383,139262,0,1
4384,139275,0,1
4385,139287,0,1
4386,139321,0,1
4387,139359,0,1
4388,139387,0,1
4389,139457,0,1
4390,139485,0,1
4391,139494,0,1
4392,139558,0,1
4393,139736,0,1
4394,139781,0,1
4395,139835,0,1
4396,139906,0,1
4397,139910,0,1
4398,139917,0,1
4399,140103,0,1
4400,140125,0,1
4401,140142,0,1
4402,140144,0,1
4403,140195,0,1
4404,140222,0,1
4405,140230,0,1
4406,140411,0,1
4407,140494,0,1
4408,140653,0,1
4409,140660,0,1
4410,140718,0,1
4411,140753,0,1
4412,140773,0,1
4413,140815,0,1
4414,140842,0,1
4415,140862,0,1
4416,140898,0,1
4417,140931,0,1
4418,141035,0,1
4419,141036,0,1
4420,141093,0,1
4421,141127,0,1
4422,141145,0,1
4423,141198,0,1
4424,141345,0,1
4425,141352,0,1
4426,141365,0,1
4427,141405,0,1
4428,141459,0,1
4429,141495,0,1
4430,141519,0,1
4431,141531,0,1
4432,141551,0,1
4433,141553,0,1
4434,141741,0,1
4435,141779,0,1
4436,141891,0,1
4437,141926,0,1
4438,141927,0,1
4439,141979,0,1
4440,142012,0,1
4441,142023,0,1
4442,142026,0,1
4443,142054,0,1
4444,142059,0,1
4445,142069,0,1
4446,142081,0,1
4447,142095,0,1
4448,142109,0,1
4449,142110,0,1
4450,142158,0,1
4451,142199,0,1
4452,142270,0,1
4453,142314,0,1
4454,142335,0,1
4455,142348,0,1
4456,142422,0,1
4457,142425,0,1
4458,142426,0,1
4459,142443,0,1
4460,142507,0,1
4461,142551,0,1
4462,142573,0,1
4463,142610,0,1
4464,142661,0,1
4465,142761,0,1
4466,142783,0,1
4467,142849,0,1
4468,142861,0,1
4469,142888,0,1
4470,142925,0,1
4471,142998,0,1
4472,143039,0,1
4473,143110,0,1
4474,143126,0,1
4475,143133,0,1
4476,143202,0,1
4477,143213,0,1
4478,143227,0,1
4479,143342,0,1
4480,143372,0,1
4481,143431,0,1
4482,143457,0,1
4483,143487,0,1
4484,143488,0,1
4485,143594,0,1
4486,143602,0,1
4487,143655,0,1
4488,143682,0,1
4489,143723,0,1
4490,143821,0,1
4491,143824,0,1
4492,143882,0,1
4493,143884,0,1
4494,143901,0,1
4495,143940,0,1
4496,143944,0,1
4497,143966,0,1
4498,143993,0,1
4499,143994,0,1
4500,144013,0,1
4501,144054,0,1
4502,144071,0,1
4503,144080,0,1
4504,144091,0,1
4505,144095,0,1
4506,144193,0,1
4507,144212,0,1
4508,144244,0,1
4509,144294,0,1
4510,144348,0,1
4511,144379,0,1
4512,144501,0,1
4513,144588,0,1
4514,144603,0,1
4515,144619,0,1
4516,144643,0,1
4517,144654,0,1
4518,144660,0,1
4519,144701,0,1
4520,144822,0,1
4521,144857,0,1
4522,144871,0,1
4523,144916,0,1
4524,144934,0,1
4525,145038,0,1
4526,145062,0,1
4527,145082,0,1
4528,145083,0,1
4529,145126,0,1
4530,145152,0,1
4531,145215,0,1
4532,145260,0,1
4533,145279,0,1
4534,145303,0,1
4535,145330,0,1
4536,145378,0,1
4537,145413,0,1
4538,145448,0,1
4539,145449,0,1
4540,145500,0,1
4541,145515,0,1
4542,145535,0,1
4543,145544,0,1
4544,145566,0,1
4545,145580,0,1
4546,145635,0,1
4547,145636,0,1
4548,145659,0,1
4549,145724,0,1
4550,145766,0,1
4551,145797,0,1
4552,145806,0,1
4553,145825,0,1
4554,145846,0,1
4555,145847,0,1
4556,145865,0,1
4557,146011,0,1
4558,146186,0,1
4559,146187,0,1
4560,146197,0,1
4561,146200,0,1
4562,146288,0,1
4563,146326,0,1
4564,146348,0,1
4565,146416,0,1
4566,146438,0,1
4567,146478,0,1
4568,146480,0,1
4569,146488,0,1
4570,146496,0,1
4571,146562,0,1
4572,146666,0,1
4573,146755,0,1
4574,146771,0,1
4575,146839,0,1
4576,146935,0,1
4577,147002,0,1
4578,147025,0,1
4579,147068,0,1
4580,147145,0,1
4581,147190,0,1
4582,147216,0,1
4583,147281,0,1
4584,147352,0,1
4585,147361,0,1
4586,147431,0,1
4587,147501,0,1
4588,147558,0,1
4589,147618,0,1
4590,147754,0,1
4591,147797,0,1
4592,147845,0,1
4593,147905,0,1
4594,147960,0,1
4595,147972,0,1
4596,148010,0,1
4597,148029,0,1
4598,148049,0,1
4599,148126,0,1
4600,148215,0,1
4601,148241,0,1
4602,148243,0,1
4603,148278,0,1
4604,148332,0,1
4605,148351,0,1
4606,148390,0,1
4607,148393,0,1
4608,148394,0,1
4609,148424,0,1
4610,148446,0,1
4611,148498,0,1
4612,148528,0,1
4613,148567,0,1
4614,148630,0,1
4615,148688,0,1
4616,148700,0,1
4617,148701,0,1
4618,148719,0,1
4619,148722,0,1
4620,148733,0,1
4621,148750,0,1
4622,148784,0,1
4623,148822,0,1
4624,148878,0,1
4625,148894,0,1
4626,148950,0,1
4627,148987,0,1
4628,149007,0,1
4629,149043,0,1
4630,149059,0,1
4631,149130,0,1
4632,149154,0,1
4633,149178,0,1
4634,149214,0,1
4635,149244,0,1
4636,149287,0,1
4637,149306,0,1
4638,149309,0,1
4639,149325,0,1
4640,149329,0,1
4641,149371,0,1
4642,149399,0,1
4643,149425,0,1
4644,149429,0,1
4645,149459,0,1
4646,149484,0,1
4647,149556,0,1
4648,149568,0,1
4649,149578,0,1
4650,149589,0,1
4651,149611,0,1
4652,149669,0,1
4653,149702,0,1
4654,149761,0,1
4655,149878,0,1
4656,149926,0,1
4657,149941,0,1
4658,150140,0,1
4659,150184,0,1
4660,150289,0,1
4661,150321,0,1
4662,150326,0,1
4663,150345,0,1
4664,150353,0,1
4665,150395,0,1
4666,150450,0,1
4667,150487,0,1
4668,150572,0,1
4669,150590,0,1
4670,150622,0,1
4671,150663,0,1
4672,150679,0,1
4673,150684,0,1
4674,150693,0,1
4675,150811,0,1
4676,150891,0,1
4677,150922,0,1
4678,150965,0,1
4679,150978,0,1
4680,151019,0,1
4681,151027,0,1
4682,151082,0,1
4683,151112,0,1
4684,151146,0,1
4685,151149,0,1
4686,151169,0,1
4687,151174,0,1
4688,151180,0,1
4689,151209,0,1
4690,151220,0,1
4691,151248,0,1
4692,151256,0,1
4693,151286,0,1
4694,151289,0,1
4695,151314,0,1
4696,151346,0,1
4697,151363,0,1
4698,151372,0,1
4699,151387,0,1
4700,151391,0,1
4701,151406,0,1
4702,151466,0,1
4703,151530,0,1
4704,151671,0,1
4705,151867,0,1
4706,151879,0,1
4707,151886,0,1
4708,151979,0,1
4709,152002,0,1
4710,152065,0,1
4711,152075,0,1
4712,152126,0,1
4713,152168,0,1
4714,152245,0,1
4715,152258,0,1
4716,152290,0,1
4717,152372,0,1
4718,152450,0,1
4719,152479,0,1
4720,152531,0,1
4721,152532,0,1
4722,152653,0,1
4723,152673,0,1
4724,152674,0,1
4725,152678,0,1
4726,152693,0,1
4727,152767,0,1
4728,152770,0,1
4729,152831,0,1
4730,152852,0,1
4731,152946,0,1
4732,153055,0,1
4733,153095,0,1
4734,153118,0,1
4735,153252,0,1
4736,153284,0,1
4737,153293,0,1
4738,153304,0,1
4739,153486,0,1
4740,153517,0,1
4741,153529,0,1
4742,153660,0,1
4743,153726,0,1
4744,153732,0,1
4745,153736,0,1
4746,153765,0,1
4747,153848,0,1
4748,153870,0,1
4749,153906,0,1
4750,153917,0,1
4751,153919,0,1
4752,153937,0,1
4753,153951,0,1
4754,153963,0,1
4755,154043,0,1
4756,154121,0,1
4757,154220,0,1
4758,154261,0,1
4759,154296,0,1
4760,154309,0,1
4761,154316,0,1
4762,154378,0,1
4763,154428,0,1
4764,154439,0,1
4765,154446,0,1
4766,154462,0,1
4767,154495,0,1
4768,154506,0,1
4769,154511,0,1
4770,154556,0,1
4771,154572,0,1
4772,154714,0,1
4773,154715,0,1
4774,154752,0,1
4775,154758,0,1
4776,154820,0,1
4777,154854,0,1
4778,154893,0,1
4779,154924,0,1
4780,154928,0,1
4781,155044,0,1
4782,155076,0,1
4783,155126,0,1
4784,155179,0,1
4785,155237,0,1
4786,155356,0,1
4787,155359,0,1
4788,155378,0,1
4789,155379,0,1
4790,155400,0,1
4791,155444,0,1
4792,155513,0,1
4793,155545,0,1
4794,155567,0,1
4795,155620,0,1
4796,155622,0,1
4797,155683,0,1
4798,155705,0,1
4799,155757,0,1
4800,155766,0,1
4801,155801,0,1
4802,155803,0,1
4803,155822,0,1
4804,155845,0,1
4805,155853,0,1
4806,155857,0,1
4807,155928,0,1
4808,156007,0,1
4809,156012,0,1
4810,156060,0,1
4811,156099,0,1
4812,156121,0,1
4813,156239,0,1
4814,156262,0,1
4815,156295,0,1
4816,156312,0,1
4817,156338,0,1
4818,156431,0,1
4819,156487,0,1
4820,156495,0,1
4821,156501,0,1
4822,156598,0,1
4823,156630,0,1
4824,156662,0,1
4825,156675,0,1
4826,156761,0,1
4827,156769,0,1
4828,156830,0,1
4829,156835,0,1
4830,156848,0,1
4831,156859,0,1
4832,156869,0,1
4833,156883,0,1
4834,156885,0,1
4835,156958,0,1
4836,156974,0,1
4837,157069,0,1
4838,157108,0,1
4839,157109,0,1
4840,157113,0,1
4841,157215,0,1
4842,157239,0,1
4843,157280,0,1
4844,157333,0,1
4845,157374,0,1
4846,157389,0,1
4847,157475,0,1
4848,157483,0,1
4849,157527,0,1
4850,157552,0,1
4851,157553,0,1
4852,157586,0,1
4853,157618,0,1
4854,157691,0,1
4855,157739,0,1
4856,157749,0,1
4857,157845,0,1
4858,157959,0,1
4859,157980,0,1
4860,158098,0,1
4861,158147,0,1
4862,158206,0,1
4863,158261,0,1
4864,158282,0,1
4865,158316,0,1
4866,158364,0,1
4867,158412,0,1
4868,158432,0,1
4869,158470,0,1
4870,158490,0,1
4871,158503,0,1
4872,158507,0,1
4873,158512,0,1
4874,158695,0,1
4875,158721,0,1
4876,158746,0,1
4877,158773,0,1
4878,158822,0,1
4879,158903,0,1
4880,158909,0,1
4881,158935,0,1
4882,158950,0,1
4883,158953,0,1
4884,158991,0,1
4885,159052,0,1
4886,159067,0,1
4887,159070,0,1
4888,159169,0,1
4889,159179,0,1
4890,159185,0,1
4891,159344,0,1
4892,159424,0,1
4893,159468,0,1
4894,159518,0,1
4895,159521,0,1
4896,159648,0,1
4897,159657,0,1
4898,159846,0,1
4899,159876,0,1
4900,159934,0,1
4901,159945,0,1
4902,160035,0,1
4903,160132,0,1
4904,160162,0,1
4905,160167,0,1
4906,160168,0,1
4907,160195,0,1
4908,160210,0,1
4909,160250,0,1
4910,160261,0,1
4911,160276,0,1
4912,160279,0,1
4913,160302,0,1
4914,160321,0,1
4915,160327,0,1
4916,160357,0,1
4917,160393,0,1
4918,160414,0,1
4919,160422,0,1
4920,160456,0,1
4921,160477,0,1
4922,160509,0,1
4923,160519,0,1
4924,160527,0,1
4925,160531,0,1
4926,160562,0,1
4927,160575,0,1
4928,160603,0,1
4929,160673,0,1
4930,160712,0,1
4931,160733,0,1
4932,160735,0,1
4933,160746,0,1
4934,160808,0,1
4935,160867,0,1
4936,160881,0,1
4937,160899,0,1
4938,160913,0,1
4939,160924,0,1
4940,160945,0,1
4941,160970,0,1
4942,161008,0,1
4943,161024,0,1
4944,161056,0,1
4945,161067,0,1
4946,161075,0,1
4947,161087,0,1
4948,161093,0,1
4949,161125,0,1
4950,161149,0,1
4951,161199,0,1
4952,161225,0,1
4953,161313,0,1
4954,161320,0,1
4955,161367,0,1
4956,161378,0,1
4957,161431,0,1
4958,161446,0,1
4959,161471,0,1
4960,161495,0,1
4961,161505,0,1
4962,161563,0,1
4963,161582,0,1
4964,161634,0,1
4965,161678,0,1
4966,161714,0,1
4967,161764,0,1
4968,161773,0,1
4969,161815,0,1
4970,161847,0,1
4971,161929,0,1
4972,161941,0,1
4973,161983,0,1
4974,161984,0,1
4975,162017,0,1
4976,162058,0,1
4977,162102,0,1
4978,162111,0,1
4979,162123,0,1
4980,162147,0,1
4981,162149,0,1
4982,162187,0,1
4983,162190,0,1
4984,162214,0,1
4985,162222,0,1
4986,162251,0,1
4987,162291,0,1
4988,162368,0,1
4989,162382,0,1
4990,162464,0,1
4991,162483,0,1
4992,162503,0,1
4993,162523,0,1
4994,162540,0,1
4995,162602,0,1
4996,162607,0,1
4997,162608,0,1
4998,162628,0,1
4999,162653,0,1
5000,162692,0,1
5001,162763,0,1
5002,162788,0,1
5003,162820,0,1
5004,162829,0,1
5005,162890,0,1
5006,162907,0,1
5007,162973,0,1
5008,162990,0,1
5009,163019,0,1
5010,163047,0,1
5011,163092,0,1
5012,163136,0,1
5013,163140,0,1
5014,163153,0,1
5015,163162,0,1
5016,163173,0,1
5017,163238,0,1
5018,163262,0,1
5019,163265,0,1
5020,163270,0,1
5021,163284,0,1
5022,163339,0,1
5023,163358,0,1
5024,163361,0,1
5025,163388,0,1
5026,163406,0,1
5027,163432,0,1
5028,163434,0,1
5029,163449,0,1
5030,163456,0,1
5031,163474,0,1
5032,163584,0,1
5033,163596,0,1
5034,163606,0,1
5035,163611,0,1
5036,163642,0,1
5037,163688,0,1
5038,163721,0,1
5039,163726,0,1
5040,163737,0,1
5041,163746,0,1
5042,163765,0,1
5043,163776,0,1
5044,163835,0,1
5045,163880,0,1
5046,163888,0,1
5047,163947,0,1
5048,163976,0,1
5049,163981,0,1
5050,163997,0,1
5051,164001,0,1
5052,164075,0,1
5053,164121,0,1
5054,164138,0,1
5055,164145,0,1
5056,164183,0,1
5057,164203,0,1
5058,164246,0,1
5059,164262,0,1
5060,164313,0,1
5061,164348,0,1
5062,164356,0,1
5063,164398,0,1
5064,164452,0,1
5065,164454,0,1
5066,164507,0,1
5067,164543,0,1
5068,164552,0,1
5069,164553,0,1
5070,164599,0,1
5071,164639,0,1
5072,164656,0,1
5073,164718,0,1
5074,164719,0,1
5075,164807,0,1
5076,164833,0,1
5077,164844,0,1
5078,164849,0,1
5079,164879,0,1
5080,164897,0,1
5081,164911,0,1
5082,164916,0,1
5083,164935,0,1
5084,164955,0,1
5085,164962,0,1
5086,165002,0,1
5087,165003,0,1
5088,165007,0,1
5089,165025,0,1
5090,165097,0,1
5091,165110,0,1
5092,165126,0,1
5093,165177,0,1
5094,165245,0,1
5095,165261,0,1
5096,165308,0,1
5097,165340,0,1
5098,165343,0,1
5099,165372,0,1
5100,165478,0,1
5101,165536,0,1
5102,165554,0,1
5103,165555,0,1
5104,165584,0,1
5105,165610,0,1
5106,165612,0,1
5107,165744,0,1
5108,165779,0,1
5109,165792,0,1
5110,165843,0,1
5111,165870,0,1
5112,165880,0,1
5113,165885,0,1
5114,165888,0,1
5115,165891,0,1
5116,165898,0,1
5117,165920,0,1
5118,166017,0,1
5119,166081,0,1
5120,166118,0,1
5121,166138,0,1
5122,166198,0,1
5123,166225,0,1
5124,166317,0,1
5125,166332,0,1
5126,166375,0,1
5127,166378,0,1
5128,166395,0,1
5129,166426,0,1
5130,166427,0,1
5131,166460,0,1
5132,166469,0,1
5133,166482,0,1
5134,166487,0,1
5135,166514,0,1
5136,166584,0,1
5137,166585,0,1
5138,166681,0,1
5139,166712,0,1
5140,166715,0,1
5141,166717,0,1
5142,166762,0,1
5143,166790,0,1
5144,166901,0,1
5145,166946,0,1
5146,167003,0,1
5147,167008,0,1
5148,167018,0,1
5149,167057,0,1
5150,167059,0,1
5151,167100,0,1
5152,167225,0,1
5153,167237,0,1
5154,167287,0,1
5155,167290,0,1
5156,167319,0,1
5157,167349,0,1
5158,167362,0,1
5159,167419,0,1
5160,167434,0,1
5161,167466,0,1
5162,167521,0,1
5163,167534,0,1
5164,167600,0,1
5165,167634,0,1
5166,167787,0,1
5167,167798,0,1
5168,167821,0,1
5169,167856,0,1
5170,167863,0,1
5171,167936,0,1
5172,167946,0,1
5173,167998,0,1
5174,168051,0,1
5175,168092,0,1
5176,168104,0,1
5177,168107,0,1
5178,168132,0,1
5179,168160,0,1
5180,168207,0,1
5181,168241,0,1
5182,168320,0,1
5183,168329,0,1
5184,168368,0,1
5185,168374,0,1
5186,168391,0,1
5187,168425,0,1
5188,168434,0,1
5189,168450,0,1
5190,168455,0,1
5191,168534,0,1
5192,168576,0,1
5193,168606,0,1
5194,168670,0,1
5195,168717,0,1
5196,168734,0,1
5197,168778,0,1
5198,168865,0,1
5199,168905,0,1
5200,168949,0,1
5201,169003,0,1
5202,169017,0,1
5203,169029,0,1
5204,169030,0,1
5205,169048,0,1
5206,169180,0,1
5207,169190,0,1
5208,169193,0,1
5209,169349,0,1
5210,169367,0,1
5211,169395,0,1
5212,169396,0,1
5213,169485,0,1
5214,169490,0,1
5215,169507,0,1
5216,169585,0,1
5217,169594,0,1
5218,169691,0,1
5219,169712,0,1
5220,169824,0,1
5221,169848,0,1
5222,169903,0,1
5223,169940,0,1
5224,169947,0,1
5225,169958,0,1
5226,170009,0,1
5227,170014,0,1
5228,170029,0,1
5229,170030,0,1
5230,170066,0,1
5231,170080,0,1
5232,170085,0,1
5233,170097,0,1
5234,170254,0,1
5235,170268,0,1
5236,170275,0,1
5237,170305,0,1
5238,170322,0,1
5239,170328,0,1
5240,170367,0,1
5241,170388,0,1
5242,170454,0,1
5243,170491,0,1
5244,170514,0,1
5245,170518,0,1
5246,170579,0,1
5247,170606,0,1
5248,170661,0,1
5249,170698,0,1
5250,170699,0,1
5251,170707,0,1
5252,170769,0,1
5253,170867,0,1
5254,170890,0,1
5255,170893,0,1
5256,170900,0,1
5257,170924,0,1
5258,170973,0,1
5259,171015,0,1
5260,171059,0,1
5261,171062,0,1
5262,171080,0,1
5263,171086,0,1
5264,171095,0,1
5265,171097,0,1
5266,171159,0,1
5267,171180,0,1
5268,171184,0,1
5269,171233,0,1
5270,171270,0,1
5271,171277,0,1
5272,171284,0,1
5273,171296,0,1
5274,171411,0,1
5275,171412,0,1
5276,171415,0,1
5277,171426,0,1
5278,171431,0,1
5279,171453,0,1
5280,171482,0,1
5281,171483,0,1
5282,171493,0,1
5283,171514,0,1
5284,171516,0,1
5285,171534,0,1
5286,171566,0,1
5287,171569,0,1
5288,171577,0,1
5289,171584,0,1
5290,171648,0,1
5291,171664,0,1
5292,171720,0,1
5293,171808,0,1
5294,171814,0,1
5295,171834,0,1
5296,171866,0,1
5297,171884,0,1
5298,171894,0,1
5299,171972,0,1
5300,171994,0,1
5301,172017,0,1
5302,172040,0,1
5303,172069,0,1
5304,172093,0,1
5305,172126,0,1
5306,172138,0,1
5307,172165,0,1
5308,172225,0,1
5309,172239,0,1
5310,172259,0,1
5311,172277,0,1
5312,172373,0,1
5313,172462,0,1
5314,172516,0,1
5315,172535,0,1
5316,172589,0,1
5317,172641,0,1
5318,172696,0,1
5319,172705,0,1
5320,172711,0,1
5321,172759,0,1
5322,172766,0,1
5323,172808,0,1
5324,172849,0,1
5325,172869,0,1
5326,172875,0,1
5327,172879,0,1
5328,172927,0,1
5329,173047,0,1
5330,173065,0,1
5331,173115,0,1
5332,173121,0,1
5333,173161,0,1
5334,173181,0,1
5335,173230,0,1
5336,173245,0,1
5337,173285,0,1
5338,173308,0,1
5339,173382,0,1
5340,173441,0,1
5341,173498,0,1
5342,173520,0,1
5343,173525,0,1
5344,173573,0,1
5345,173582,0,1
5346,173589,0,1
5347,173615,0,1
5348,173676,0,1
5349,173694,0,1
5350,173784,0,1
5351,173785,0,1
5352,173801,0,1
5353,173890,0,1
5354,173933,0,1
5355,174007,0,1
5356,174026,0,1
5357,174030,0,1
5358,174082,0,1
5359,174090,0,1
5360,174120,0,1
5361,174156,0,1
5362,174233,0,1
5363,174234,0,1
5364,174269,0,1
5365,174284,0,1
5366,174302,0,1
5367,174328,0,1
5368,174342,0,1
5369,174388,0,1
5370,174401,0,1
5371,174410,0,1
5372,174428,0,1
5373,174431,0,1
5374,174473,0,1
5375,174479,0,1
5376,174480,0,1
5377,174504,0,1
5378,174525,0,1
5379,174601,0,1
5380,174653,0,1
5381,174656,0,1
5382,174724,0,1
5383,174756,0,1
5384,174772,0,1
5385,174863,0,1
5386,174872,0,1
5387,174880,0,1
5388,174926,0,1
5389,174928,0,1
5390,174999,0,1
5391,175001,0,1
5392,175032,0,1
5393,175049,0,1
5394,175137,0,1
5395,175141,0,1
5396,175147,0,1
5397,175183,0,1
5398,175184,0,1
5399,175255,0,1
5400,175268,0,1
5401,175279,0,1
5402,175353,0,1
5403,175358,0,1
5404,175359,0,1
5405,175393,0,1
5406,175408,0,1
5407,175474,0,1
5408,175517,0,1
5409,175529,0,1
5410,175536,0,1
5411,175553,0,1
5412,175646,0,1
5413,175667,0,1
5414,175677,0,1
5415,175703,0,1
5416,175732,0,1
5417,175767,0,1
5418,175787,0,1
5419,175812,0,1
5420,175819,0,1
5421,175823,0,1
5422,175989,0,1
5423,176002,0,1
5424,176003,0,1
5425,176018,0,1
5426,176040,0,1
5427,176048,0,1
5428,176132,0,1
5429,176142,0,1
5430,176171,0,1
5431,176189,0,1
5432,176210,0,1
5433,176232,0,1
5434,176238,0,1
5435,176345,0,1
5436,176376,0,1
5437,176403,0,1
5438,176498,0,1
5439,176514,0,1
5440,176532,0,1
5441,176566,0,1
5442,176568,0,1
5443,176593,0,1
5444,176608,0,1
5445,176627,0,1
5446,176635,0,1
5447,176693,0,1
5448,176774,0,1
5449,176790,0,1
5450,176795,0,1
5451,176827,0,1
5452,176874,0,1
5453,176891,0,1
5454,176921,0,1
5455,176979,0,1
5456,176996,0,1
5457,177023,0,1
5458,177046,0,1
5459,177062,0,1
5460,177078,0,1
5461,177104,0,1
5462,177213,0,1
5463,177274,0,1
5464,177290,0,1
5465,177314,0,1
5466,177316,0,1
5467,177324,0,1
5468,177363,0,1
5469,177399,0,1
5470,177432,0,1
5471,177452,0,1
5472,177464,0,1
5473,177487,0,1
5474,177498,0,1
5475,177565,0,1
5476,177603,0,1
5477,177609,0,1
5478,177617,0,1
5479,177619,0,1
5480,177654,0,1
5481,177681,0,1
5482,177713,0,1
5483,177716,0,1
5484,177820,0,1
5485,177991,0,1
5486,178036,0,1
5487,178098,0,1
5488,178121,0,1
5489,178242,0,1
5490,178289,0,1
5491,178300,0,1
5492,178349,0,1
5493,178358,0,1
5494,178405,0,1
5495,178409,0,1
5496,178435,0,1
5497,178440,0,1
5498,178470,0,1
5499,178513,0,1
5500,178546,0,1
5501,178577,0,1
5502,178582,0,1
5503,178593,0,1
5504,178666,0,1
5505,178675,0,1
5506,178685,0,1
5507,178732,0,1
5508,178739,0,1
5509,178755,0,1
5510,178833,0,1
5511,178887,0,1
5512,178897,0,1
5513,178905,0,1
5514,178922,0,1
5515,178927,0,1
5516,178947,0,1
5517,178958,0,1
5518,178966,0,1
5519,178992,0,1
5520,179009,0,1
5521,179033,0,1
5522,179034,0,1
5523,179035,0,1
5524,179039,0,1
5525,179049,0,1
5526,179050,0,1
5527,179052,0,1
5528,179082,0,1
5529,179097,0,1
5530,179104,0,1
5531,179106,0,1
5532,179127,0,1
5533,179135,0,1
5534,179136,0,1
5535,179139,0,1
5536,179143,0,1
5537,179151,0,1
5538,179157,0,1
5539,179172,0,1
5540,179175,0,1
5541,179207,0,1
5542,179263,0,1
5543,179325,0,1
5544,179390,0,1
5545,179402,0,1
5546,179464,0,1
5547,179493,0,1
5548,179497,0,1
5549,179536,0,1
5550,179555,0,1
5551,179556,0,1
5552,179626,0,1
5553,179634,0,1
5554,179651,0,1
5555,179736,0,1
5556,179779,0,1
5557,179791,0,1
5558,179810,0,1
5559,179879,0,1
5560,180010,0,1
5561,180032,0,1
5562,180047,0,1
5563,180051,0,1
5564,180055,0,1
5565,180084,0,1
5566,180173,0,1
5567,180191,0,1
5568,180195,0,1
5569,180250,0,1
5570,180252,0,1
5571,180254,0,1
5572,180314,0,1
5573,180361,0,1
5574,180369,0,1
5575,180370,0,1
5576,180371,0,1
5577,180404,0,1
5578,180449,0,1
5579,180468,0,1
5580,180474,0,1
5581,180508,0,1
5582,180522,0,1
5583,180523,0,1
5584,180527,0,1
5585,180540,0,1
5586,180586,0,1
5587,180630,0,1
5588,180639,0,1
5589,180671,0,1
5590,180706,0,1
5591,180708,0,1
5592,180723,0,1
5593,180810,0,1
5594,180840,0,1
5595,180863,0,1
5596,180879,0,1
5597,180900,0,1
5598,180948,0,1
5599,180968,0,1
5600,181016,0,1
5601,181033,0,1
5602,181042,0,1
5603,181073,0,1
5604,181114,0,1
5605,181128,0,1
5606,181151,0,1
5607,181260,0,1
5608,181263,0,1
5609,181283,0,1
5610,181308,0,1
5611,181311,0,1
5612,181391,0,1
5613,181397,0,1
5614,181445,0,1
5615,181519,0,1
5616,181521,0,1
5617,181564,0,1
5618,181567,0,1
5619,181569,0,1
5620,181581,0,1
5621,181585,0,1
5622,181612,0,1
5623,181624,0,1
5624,181732,0,1
5625,181772,0,1
5626,181774,0,1
5627,181776,0,1
5628,181822,0,1
5629,181841,0,1
5630,181861,0,1
5631,181900,0,1
5632,181914,0,1
5633,181964,0,1
5634,182002,0,1
5635,182003,0,1
5636,182054,0,1
5637,182068,0,1
5638,182131,0,1
5639,182191,0,1
5640,182255,0,1
5641,182272,0,1
5642,182307,0,1
5643,182319,0,1
5644,182380,0,1
5645,182438,0,1
5646,182448,0,1
5647,182456,0,1
5648,182461,0,1
5649,182473,0,1
5650,182498,0,1
5651,182503,0,1
5652,182512,0,1
5653,182524,0,1
5654,182552,0,1
5655,182571,0,1
5656,182575,0,1
5657,182583,0,1
5658,182585,0,1
5659,182587,0,1
5660,182590,0,1
5661,182620,0,1
5662,182646,0,1
5663,182680,0,1
5664,182709,0,1
5665,182729,0,1
5666,182750,0,1
5667,182805,0,1
5668,182823,0,1
5669,182827,0,1
5670,182852,0,1
5671,182853,0,1
5672,182873,0,1
5673,182940,0,1
5674,182972,0,1
5675,182993,0,1
5676,183019,0,1
5677,183027,0,1
5678,183071,0,1
5679,183091,0,1
5680,183147,0,1
5681,183153,0,1
5682,183155,0,1
5683,183190,0,1
5684,183223,0,1
5685,183242,0,1
5686,183246,0,1
5687,183291,0,1
5688,183293,0,1
5689,183351,0,1
5690,183368,0,1
5691,183371,0,1
5692,183405,0,1
5693,183409,0,1
5694,183411,0,1
5695,183431,0,1
5696,183437,0,1
5697,183443,0,1
5698,183463,0,1
5699,183488,0,1
5700,183516,0,1
5701,183532,0,1
5702,183542,0,1
5703,183568,0,1
5704,183592,0,1
5705,183609,0,1
5706,183617,0,1
5707,183627,0,1
5708,183630,0,1
5709,183632,0,1
5710,183648,0,1
5711,183749,0,1
5712,183786,0,1
5713,183795,0,1
5714,183881,0,1
5715,183891,0,1
5716,183892,0,1
5717,183905,0,1
5718,183988,0,1
5719,184010,0,1
5720,184013,0,1
5721,184029,0,1
5722,184040,0,1
5723,184044,0,1
5724,184068,0,1
5725,184070,0,1
5726,184083,0,1
5727,184101,0,1
5728,184110,0,1
5729,184115,0,1
5730,184207,0,1
5731,184209,0,1
5732,184233,0,1
5733,184236,0,1
5734,184237,0,1
5735,184281,0,1
5736,184385,0,1
5737,184395,0,1
5738,184403,0,1
5739,184416,0,1
5740,184438,0,1
5741,184469,0,1
5742,184479,0,1
5743,184533,0,1
5744,184561,0,1
5745,184606,0,1
5746,184609,0,1
5747,184620,0,1
5748,184627,0,1
5749,184707,0,1
5750,184715,0,1
5751,184727,0,1
5752,184739,0,1
5753,184750,0,1
5754,184751,0,1
5755,184781,0,1
5756,184788,0,1
5757,184848,0,1
5758,184849,0,1
5759,184879,0,1
5760,184911,0,1
5761,184922,0,1
5762,184929,0,1
5763,185013,0,1
5764,185034,0,1
5765,185119,0,1
5766,185148,0,1
5767,185189,0,1
5768,185256,0,1
5769,185296,0,1
5770,185340,0,1
5771,185394,0,1
5772,185428,0,1
5773,185536,0,1
5774,185560,0,1
5775,185592,0,1
5776,185610,0,1
5777,185611,0,1
5778,185624,0,1
5779,185692,0,1
5780,185701,0,1
5781,185722,0,1
5782,185739,0,1
5783,185773,0,1
5784,185775,0,1
5785,185833,0,1
5786,185845,0,1
5787,185847,0,1
5788,185856,0,1
5789,185872,0,1
5790,185879,0,1
5791,185888,0,1
5792,185929,0,1
5793,185967,0,1
5794,185983,0,1
5795,186035,0,1
5796,186058,0,1
5797,186077,0,1
5798,186098,0,1
5799,186104,0,1
5800,186126,0,1
5801,186174,0,1
5802,186187,0,1
5803,186200,0,1
5804,186268,0,1
5805,186281,0,1
5806,186319,0,1
5807,186346,0,1
5808,186376,0,1
5809,186385,0,1
5810,186387,0,1
5811,186402,0,1
5812,186437,0,1
5813,186455,0,1
5814,186488,0,1
5815,186490,0,1
5816,186495,0,1
5817,186509,0,1
5818,186553,0,1
5819,186564,0,1
5820,186575,0,1
5821,186612,0,1
5822,186615,0,1
5823,186619,0,1
5824,186624,0,1
5825,186667,0,1
5826,186673,0,1
5827,186824,0,1
5828,186830,0,1
5829,186868,0,1
5830,186880,0,1
5831,186968,0,1
5832,186970,0,1
5833,186986,0,1
5834,187035,0,1
5835,187059,0,1
5836,187066,0,1
5837,187114,0,1
5838,187128,0,1
5839,187138,0,1
5840,187147,0,1
5841,187152,0,1
5842,187167,0,1
5843,187188,0,1
5844,187199,0,1
5845,187216,0,1
5846,187224,0,1
5847,187241,0,1
5848,187244,0,1
5849,187299,0,1
5850,187314,0,1
5851,187329,0,1
5852,187336,0,1
5853,187368,0,1
5854,187427,0,1
5855,187459,0,1
5856,187463,0,1
5857,187496,0,1
5858,187509,0,1
5859,187583,0,1
5860,187601,0,1
5861,187619,0,1
5862,187662,0,1
5863,187665,0,1
5864,187687,0,1
5865,187705,0,1
5866,187729,0,1
5867,187738,0,1
5868,187744,0,1
5869,187804,0,1
5870,187806,0,1
5871,187814,0,1
5872,187835,0,1
5873,187853,0,1
5874,187876,0,1
5875,187884,0,1
5876,188009,0,1
5877,188015,0,1
5878,188062,0,1
5879,188064,0,1
5880,188067,0,1
5881,188074,0,1
5882,188112,0,1
5883,188139,0,1
5884,188140,0,1
5885,188147,0,1
5886,188192,0,1
5887,188201,0,1
5888,188215,0,1
5889,188224,0,1
5890,188247,0,1
5891,188281,0,1
5892,188287,0,1
5893,188307,0,1
5894,188326,0,1
5895,188356,0,1
5896,188385,0,1
5897,188387,0,1
5898,188407,0,1
5899,188421,0,1
5900,188440,0,1
5901,188448,0,1
5902,188529,0,1
5903,188538,0,1
5904,188543,0,1
5905,188550,0,1
5906,188562,0,1
5907,188570,0,1
5908,188618,0,1
5909,188639,0,1
5910,188678,0,1
5911,188739,0,1
5912,188826,0,1
5913,188833,0,1
5914,188846,0,1
5915,188866,0,1
5916,188892,0,1
5917,188904,0,1
5918,188925,0,1
5919,188957,0,1
5920,188959,0,1
5921,189007,0,1
5922,189011,0,1
5923,189022,0,1
5924,189027,0,1
5925,189040,0,1
5926,189041,0,1
5927,189053,0,1
5928,189054,0,1
5929,189081,0,1
5930,189103,0,1
5931,189110,0,1
5932,189233,0,1
5933,189254,0,1
5934,189295,0,1
5935,189300,0,1
5936,189305,0,1
5937,189378,0,1
5938,189379,0,1
5939,189398,0,1
5940,189407,0,1
5941,189408,0,1
5942,189427,0,1
5943,189547,0,1
5944,189562,0,1
5945,189566,0,1
5946,189648,0,1
5947,189660,0,1
5948,189661,0,1
5949,189684,0,1
5950,189721,0,1
5951,189791,0,1
5952,189807,0,1
5953,189819,0,1
5954,189829,0,1
5955,189832,0,1
5956,189842,0,1
5957,189853,0,1
5958,189862,0,1
5959,189900,0,1
5960,189907,0,1
5961,189985,0,1
5962,190002,0,1
5963,190012,0,1
5964,190046,0,1
5965,190059,0,1
5966,190066,0,1
5967,190069,0,1
5968,190081,0,1
5969,190100,0,1
5970,190109,0,1
5971,190152,0,1
5972,190183,0,1
5973,190206,0,1
5974,190207,0,1
5975,190218,0,1
5976,190221,0,1
5977,190229,0,1
5978,190268,0,1
5979,190281,0,1
5980,190405,0,1
5981,190449,0,1
5982,190460,0,1
5983,190462,0,1
5984,190473,0,1
5985,190571,0,1
5986,190589,0,1
5987,190591,0,1
5988,190602,0,1
5989,190608,0,1
5990,190636,0,1
5991,190649,0,1
5992,190652,0,1
5993,190718,0,1
5994,190774,0,1
5995,190801,0,1
5996,190815,0,1
5997,190833,0,1
5998,190836,0,1
5999,190908,0,1
6000,190918,0,1
6001,190922,0,1
6002,190950,0,1
6003,190971,0,1
6004,190991,0,1
6005,191021,0,1
6006,191069,0,1
6007,191083,0,1
6008,191105,0,1
6009,191122,0,1
6010,191130,0,1
6011,191194,0,1
6012,191211,0,1
6013,191221,0,1
6014,191250,0,1
6015,191254,0,1
6016,191274,0,1
6017,191348,0,1
6018,191357,0,1
6019,191365,0,1
6020,191386,0,1
6021,191399,0,1
6022,191449,0,1
6023,191490,0,1
6024,191524,0,1
6025,191536,0,1
6026,191539,0,1
6027,191541,0,1
6028,191547,0,1
6029,191548,0,1
6030,191577,0,1
6031,191598,0,1
6032,191632,0,1
6033,191700,0,1
6034,191754,0,1
6035,191755,0,1
6036,191760,0,1
6037,191779,0,1
6038,191788,0,1
6039,191813,0,1
6040,191833,0,1
6041,191834,0,1
6042,191874,0,1
6043,191974,0,1
6044,191983,0,1
6045,192014,0,1
6046,192038,0,1
6047,192053,0,1
6048,192080,0,1
6049,192084,0,1
6050,192101,0,1
6051,192105,0,1
6052,192215,0,1
6053,192222,0,1
6054,192229,0,1
6055,192261,0,1
6056,192281,0,1
6057,192300,0,1
6058,192313,0,1
6059,192342,0,1
6060,192347,0,1
6061,192376,0,1
6062,192433,0,1
6063,192445,0,1
6064,192466,0,1
6065,192469,0,1
6066,192500,0,1
6067,192507,0,1
6068,192520,0,1
6069,192580,0,1
6070,192642,0,1
6071,192658,0,1
6072,192688,0,1
6073,192723,0,1
6074,192767,0,1
6075,192768,0,1
6076,192778,0,1
6077,192810,0,1
6078,192866,0,1
6079,192874,0,1
6080,192881,0,1
6081,192909,0,1
6082,192912,0,1
6083,192955,0,1
6084,192959,0,1
6085,193078,0,1
6086,193094,0,1
6087,193119,0,1
6088,193182,0,1
6089,193189,0,1
6090,193240,0,1
6091,193270,0,1
6092,193300,0,1
6093,193315,0,1
6094,193330,0,1
6095,193413,0,1
6096,193436,0,1
6097,193440,0,1
6098,193499,0,1
6099,193504,0,1
6100,193519,0,1
6101,193591,0,1
6102,193599,0,1
6103,193623,0,1
6104,193656,0,1
6105,193712,0,1
6106,193720,0,1
6107,193731,0,1
6108,193749,0,1
6109,193861,0,1
6110,193875,0,1
6111,193897,0,1
6112,193899,0,1
6113,193918,0,1
6114,193989,0,1
6115,194061,0,1
6116,194076,0,1
6117,194092,0,1
6118,194119,0,1
6119,194133,0,1
6120,194175,0,1
6121,194196,0,1
6122,194241,0,1
6123,194302,0,1
6124,194372,0,1
6125,194444,0,1
6126,194473,0,1
6127,194474,0,1
6128,194581,0,1
6129,194600,0,1
6130,194657,0,1
6131,194699,0,1
6132,194707,0,1
6133,194750,0,1
6134,194789,0,1
6135,194792,0,1
6136,194797,0,1
6137,194799,0,1
6138,194874,0,1
6139,194949,0,1
6140,195008,0,1
6141,195047,0,1
6142,195052,0,1
6143,195080,0,1
6144,195114,0,1
6145,195256,0,1
6146,195274,0,1
6147,195283,0,1
6148,195393,0,1
6149,195409,0,1
6150,195623,0,1
6151,195640,0,1
6152,195694,0,1
6153,195695,0,1
6154,195710,0,1
6155,195743,0,1
6156,195770,0,1
6157,195775,0,1
6158,195823,0,1
6159,195841,0,1
6160,195874,0,1
6161,196016,0,1
6162,196036,0,1
6163,196055,0,1
6164,196065,0,1
6165,196080,0,1
6166,196094,0,1
6167,196246,0,1
6168,196300,0,1
6169,196301,0,1
6170,196305,0,1
6171,196350,0,1
6172,196355,0,1
6173,196446,0,1
6174,196508,0,1
6175,196584,0,1
6176,196622,0,1
6177,196664,0,1
6178,196722,0,1
6179,196748,0,1
6180,196767,0,1
6181,196778,0,1
6182,196835,0,1
6183,196934,0,1
6184,197008,0,1
6185,197044,0,1
6186,197092,0,1
6187,197105,0,1
6188,197137,0,1
6189,197202,0,1
6190,197214,0,1
6191,197226,0,1
6192,197312,0,1
6193,197329,0,1
6194,197336,0,1
6195,197369,0,1
6196,197416,0,1
6197,197421,0,1
6198,197452,0,1
6199,197470,0,1
6200,197513,0,1
6201,197550,0,1
6202,197566,0,1
6203,197586,0,1
6204,197598,0,1
6205,197599,0,1
6206,197695,0,1
6207,197720,0,1
6208,197789,0,1
6209,197801,0,1
6210,197856,0,1
6211,197860,0,1
6212,197870,0,1
6213,197888,0,1
6214,197896,0,1
6215,197976,0,1
6216,198064,0,1
6217,198068,0,1
6218,198112,0,1
6219,198152,0,1
6220,198156,0,1
6221,198220,0,1
6222,198226,0,1
6223,198259,0,1
6224,198260,0,1
6225,198276,0,1
6226,198287,0,1
6227,198305,0,1
6228,198315,0,1
6229,198353,0,1
6230,198477,0,1
6231,198507,0,1
6232,198556,0,1
6233,198564,0,1
6234,198586,0,1
6235,198640,0,1
6236,198644,0,1
6237,198658,0,1
6238,198661,0,1
6239,198775,0,1
6240,198780,0,1
6241,198794,0,1
6242,198859,0,1
6243,198878,0,1
6244,198952,0,1
6245,198962,0,1
6246,198972,0,1
6247,199000,0,1
6248,199024,0,1
6249,199046,0,1
6250,199111,0,1
6251,199155,0,1
6252,199181,0,1
6253,199183,0,1
6254,199213,0,1
6255,199258,0,1
6256,199285,0,1
6257,199289,0,1
6258,199393,0,1
6259,199397,0,1
6260,199443,0,1
6261,199469,0,1
6262,199474,0,1
6263,199484,0,1
6264,199548,0,1
6265,199602,0,1
6266,199695,0,1
6267,199712,0,1
6268,199728,0,1
6269,199743,0,1
6270,199822,0,1
6271,199847,0,1
6272,199911,0,1
6273,199924,0,1
